Area,Intensity,Eccentricity,Droplet Sample
149527,245580,0.989485,Fluorescein Only
92,1757,0.346889,Fluorescein Only
1191,9191,0.949623,Fluorescein Only
266,3870,0.631198,Fluorescein Only
167,3224,0.737488,Fluorescein Only
81,1491,0.000000,Fluorescein Only
81,1699,0.000000,Fluorescein Only
846,6329,0.743566,Fluorescein Only
443,3820,0.751743,Fluorescein Only
399,8223,0.300134,Fluorescein Only
246,4684,0.741403,Fluorescein Only
2009,13307,0.978830,Fluorescein Only
172,394,0.789026,Fluorescein Only
251,652,0.494934,Fluorescein Only
441,2487,0.699760,Fluorescein Only
333,6758,0.497310,Fluorescein Only
2645,12026,0.834304,Fluorescein Only
356,6768,0.532749,Fluorescein Only
365,7120,0.517403,Fluorescein Only
124,351,0.419776,Fluorescein Only
352,6051,0.524433,Fluorescein Only
6639,20518,0.975291,Fluorescein Only
220,4202,0.734651,Fluorescein Only
344,6531,0.526248,Fluorescein Only
365,6417,0.499292,Fluorescein Only
333,5810,0.380183,Fluorescein Only
991,3264,0.845015,Fluorescein Only
287,5597,0.323481,Fluorescein Only
356,6839,0.558576,Fluorescein Only
324,5719,0.344210,Fluorescein Only
229,4237,0.784225,Fluorescein Only
336,6570,0.535807,Fluorescein Only
384,7224,0.543988,Fluorescein Only
192,371,0.895600,Fluorescein Only
405,6792,0.366707,Fluorescein Only
371,6703,0.448474,Fluorescein Only
388,7300,0.581260,Fluorescein Only
263,2469,0.688703,Fluorescein Only
380,6572,0.410115,Fluorescein Only
119,2138,0.219920,Fluorescein Only
344,6898,0.534655,Fluorescein Only
415,6440,0.337170,Fluorescein Only
277,5079,0.574999,Fluorescein Only
349,6944,0.534399,Fluorescein Only
108,2132,0.342340,Fluorescein Only
304,6399,0.578741,Fluorescein Only
344,5619,0.544854,Fluorescein Only
349,5292,0.593047,Fluorescein Only
364,7336,0.510599,Fluorescein Only
425,6488,0.353229,Fluorescein Only
341,6982,0.643948,Fluorescein Only
343,6418,0.498832,Fluorescein Only
330,6471,0.512854,Fluorescein Only
316,6033,0.501569,Fluorescein Only
406,4816,0.282667,Fluorescein Only
320,5611,0.395788,Fluorescein Only
298,5410,0.366181,Fluorescein Only
343,6838,0.563087,Fluorescein Only
341,6310,0.480589,Fluorescein Only
240,2780,0.691758,Fluorescein Only
319,6567,0.537945,Fluorescein Only
322,3217,0.672250,Fluorescein Only
223,4400,0.721067,Fluorescein Only
355,6984,0.570628,Fluorescein Only
347,6503,0.599195,Fluorescein Only
298,5459,0.685806,Fluorescein Only
103,1984,0.477225,Fluorescein Only
355,7238,0.570628,Fluorescein Only
217,2126,0.790300,Fluorescein Only
327,5006,0.519236,Fluorescein Only
338,6957,0.568798,Fluorescein Only
354,7495,0.582109,Fluorescein Only
390,6417,0.410373,Fluorescein Only
382,6756,0.359850,Fluorescein Only
342,6300,0.467882,Fluorescein Only
367,5704,0.300071,Fluorescein Only
215,4484,0.527501,Fluorescein Only
202,3719,0.611219,Fluorescein Only
294,6218,0.380631,Fluorescein Only
404,5764,0.376070,Fluorescein Only
405,5948,0.246778,Fluorescein Only
402,5951,0.267873,Fluorescein Only
299,4314,0.420604,Fluorescein Only
109,2112,0.462769,Fluorescein Only
328,4997,0.548996,Fluorescein Only
365,4465,0.620042,Fluorescein Only
404,971,0.326433,Fluorescein Only
400,5139,0.268002,Fluorescein Only
319,6242,0.574050,Fluorescein Only
398,4595,0.233084,Fluorescein Only
403,5611,0.301429,Fluorescein Only
330,6760,0.640847,Fluorescein Only
304,5951,0.446355,Fluorescein Only
307,3250,0.506783,Fluorescein Only
390,3535,0.139836,Fluorescein Only
272,2977,0.505475,Fluorescein Only
310,6213,0.282037,Fluorescein Only
314,5840,0.372158,Fluorescein Only
201,2097,0.852930,Fluorescein Only
334,6732,0.474213,Fluorescein Only
308,619,0.627047,Fluorescein Only
366,6928,0.519414,Fluorescein Only
330,6708,0.432823,Fluorescein Only
312,6077,0.491478,Fluorescein Only
312,4412,0.593103,Fluorescein Only
339,6453,0.539366,Fluorescein Only
249,4986,0.564597,Fluorescein Only
315,6491,0.404146,Fluorescein Only
373,6392,0.407634,Fluorescein Only
353,6493,0.534609,Fluorescein Only
314,5792,0.412888,Fluorescein Only
322,6512,0.554777,Fluorescein Only
375,6493,0.450200,Fluorescein Only
347,6157,0.502149,Fluorescein Only
254,5047,0.710141,Fluorescein Only
381,6678,0.400934,Fluorescein Only
224,4576,0.745727,Fluorescein Only
232,4737,0.625363,Fluorescein Only
379,5869,0.349057,Fluorescein Only
345,5642,0.477838,Fluorescein Only
386,6216,0.335357,Fluorescein Only
352,5905,0.484284,Fluorescein Only
108,2233,0.445942,Fluorescein Only
181,3963,0.604245,Fluorescein Only
182,3765,0.551943,Fluorescein Only
266,5399,0.371295,Fluorescein Only
318,6242,0.515173,Fluorescein Only
362,5500,0.447856,Fluorescein Only
349,5317,0.446561,Fluorescein Only
403,4941,0.270528,Fluorescein Only
388,5319,0.067335,Fluorescein Only
406,5125,0.204596,Fluorescein Only
289,5760,0.520446,Fluorescein Only
387,4646,0.248610,Fluorescein Only
279,3766,0.519114,Fluorescein Only
224,2637,0.843520,Fluorescein Only
305,6273,0.405727,Fluorescein Only
386,3700,0.339820,Fluorescein Only
292,5894,0.327586,Fluorescein Only
318,3195,0.556522,Fluorescein Only
370,7540,0.554684,Fluorescein Only
338,6611,0.403031,Fluorescein Only
288,5574,0.404583,Fluorescein Only
347,6894,0.555716,Fluorescein Only
185,3452,0.731292,Fluorescein Only
319,6489,0.509296,Fluorescein Only
334,7024,0.556744,Fluorescein Only
369,7513,0.524491,Fluorescein Only
311,6478,0.555644,Fluorescein Only
302,6422,0.467054,Fluorescein Only
342,7029,0.538245,Fluorescein Only
343,6909,0.581839,Fluorescein Only
376,7099,0.402947,Fluorescein Only
347,6740,0.527690,Fluorescein Only
240,4699,0.534908,Fluorescein Only
317,5962,0.513747,Fluorescein Only
357,6803,0.506684,Fluorescein Only
389,6798,0.470548,Fluorescein Only
376,7108,0.445505,Fluorescein Only
384,6786,0.382717,Fluorescein Only
373,6778,0.403925,Fluorescein Only
247,5137,0.613424,Fluorescein Only
281,6173,0.358022,Fluorescein Only
366,6131,0.452078,Fluorescein Only
264,5634,0.489637,Fluorescein Only
302,4732,0.435587,Fluorescein Only
306,6551,0.478752,Fluorescein Only
404,6293,0.293646,Fluorescein Only
363,5731,0.382542,Fluorescein Only
380,5369,0.361169,Fluorescein Only
338,5815,0.502574,Fluorescein Only
156,3412,0.736554,Fluorescein Only
332,4412,0.587282,Fluorescein Only
201,4242,0.755900,Fluorescein Only
400,4920,0.232225,Fluorescein Only
251,551,0.708328,Fluorescein Only
394,4853,0.248007,Fluorescein Only
289,5991,0.496510,Fluorescein Only
397,3070,0.281185,Fluorescein Only
197,4317,0.606657,Fluorescein Only
282,6003,0.327075,Fluorescein Only
365,7850,0.560230,Fluorescein Only
340,6959,0.589800,Fluorescein Only
354,7629,0.592527,Fluorescein Only
338,7135,0.529710,Fluorescein Only
348,7464,0.548844,Fluorescein Only
255,5453,0.308371,Fluorescein Only
309,6507,0.693389,Fluorescein Only
313,6942,0.494679,Fluorescein Only
105,1191,0.925493,Fluorescein Only
358,7315,0.511841,Fluorescein Only
347,6625,0.578838,Fluorescein Only
293,5879,0.411985,Fluorescein Only
367,7077,0.448390,Fluorescein Only
291,6494,0.499038,Fluorescein Only
197,448,0.724833,Fluorescein Only
375,6136,0.472918,Fluorescein Only
318,6846,0.566040,Fluorescein Only
375,7220,0.408185,Fluorescein Only
399,7563,0.252248,Fluorescein Only
301,6132,0.554854,Fluorescein Only
378,6793,0.403737,Fluorescein Only
380,6387,0.427424,Fluorescein Only
244,5463,0.560944,Fluorescein Only
353,6012,0.403343,Fluorescein Only
333,5629,0.599952,Fluorescein Only
302,6423,0.339111,Fluorescein Only
374,6338,0.388998,Fluorescein Only
281,6087,0.492273,Fluorescein Only
373,5930,0.327751,Fluorescein Only
270,5199,0.403362,Fluorescein Only
368,5809,0.246852,Fluorescein Only
374,5251,0.232355,Fluorescein Only
376,4766,0.300105,Fluorescein Only
178,3782,0.547224,Fluorescein Only
272,5712,0.406151,Fluorescein Only
314,4563,0.646610,Fluorescein Only
332,6961,0.534938,Fluorescein Only
312,4219,0.438040,Fluorescein Only
375,4658,0.177252,Fluorescein Only
241,3178,0.267262,Fluorescein Only
273,5784,0.213764,Fluorescein Only
376,4396,0.193452,Fluorescein Only
331,3832,0.535000,Fluorescein Only
306,6542,0.548633,Fluorescein Only
279,5798,0.423922,Fluorescein Only
336,7236,0.597821,Fluorescein Only
299,6384,0.555858,Fluorescein Only
322,6754,0.585880,Fluorescein Only
330,6793,0.557264,Fluorescein Only
277,5897,0.496375,Fluorescein Only
250,5333,0.391581,Fluorescein Only
377,8055,0.495697,Fluorescein Only
338,6888,0.584291,Fluorescein Only
259,5504,0.245413,Fluorescein Only
325,6591,0.569297,Fluorescein Only
294,6320,0.551850,Fluorescein Only
306,6525,0.456933,Fluorescein Only
353,6488,0.497571,Fluorescein Only
254,5643,0.267768,Fluorescein Only
358,6648,0.520984,Fluorescein Only
261,5180,0.329823,Fluorescein Only
257,5730,0.492726,Fluorescein Only
332,6173,0.265646,Fluorescein Only
328,6438,0.502289,Fluorescein Only
266,5678,0.312367,Fluorescein Only
326,5922,0.578964,Fluorescein Only
341,6602,0.453229,Fluorescein Only
336,5758,0.548435,Fluorescein Only
326,5543,0.537057,Fluorescein Only
263,4355,0.552639,Fluorescein Only
398,6103,0.210867,Fluorescein Only
347,5552,0.417783,Fluorescein Only
337,5154,0.195995,Fluorescein Only
243,5406,0.259570,Fluorescein Only
313,6706,0.424331,Fluorescein Only
319,6556,0.577907,Fluorescein Only
320,4391,0.596145,Fluorescein Only
292,6183,0.527865,Fluorescein Only
348,4377,0.214251,Fluorescein Only
351,5106,0.489755,Fluorescein Only
339,7081,0.534514,Fluorescein Only
288,3997,0.391773,Fluorescein Only
358,4386,0.270650,Fluorescein Only
365,3624,0.289515,Fluorescein Only
261,5616,0.273587,Fluorescein Only
303,3617,0.617529,Fluorescein Only
330,6848,0.601701,Fluorescein Only
354,7550,0.499975,Fluorescein Only
350,6728,0.553561,Fluorescein Only
313,4927,0.607661,Fluorescein Only
331,7021,0.544269,Fluorescein Only
173,3444,0.878231,Fluorescein Only
159,3460,0.585074,Fluorescein Only
400,7643,0.249166,Fluorescein Only
248,2351,0.540813,Fluorescein Only
298,6356,0.615769,Fluorescein Only
328,5320,0.534836,Fluorescein Only
322,6828,0.558886,Fluorescein Only
334,7525,0.548029,Fluorescein Only
325,5973,0.545121,Fluorescein Only
244,5118,0.451160,Fluorescein Only
296,6668,0.623269,Fluorescein Only
333,6615,0.566499,Fluorescein Only
343,6492,0.491210,Fluorescein Only
258,5791,0.260958,Fluorescein Only
346,6569,0.473088,Fluorescein Only
276,5945,0.551925,Fluorescein Only
393,7129,0.321014,Fluorescein Only
357,6420,0.384852,Fluorescein Only
373,6516,0.332431,Fluorescein Only
345,5958,0.347101,Fluorescein Only
163,3359,0.564325,Fluorescein Only
383,6282,0.251917,Fluorescein Only
364,6084,0.236413,Fluorescein Only
290,6055,0.468101,Fluorescein Only
376,5880,0.171606,Fluorescein Only
282,5852,0.458857,Fluorescein Only
369,4890,0.240537,Fluorescein Only
136,2937,0.561506,Fluorescein Only
323,6330,0.575698,Fluorescein Only
359,4857,0.222832,Fluorescein Only
357,4992,0.265682,Fluorescein Only
294,3895,0.422423,Fluorescein Only
296,3663,0.412433,Fluorescein Only
220,4707,0.579314,Fluorescein Only
307,3743,0.532406,Fluorescein Only
271,5764,0.597848,Fluorescein Only
358,4105,0.271413,Fluorescein Only
336,7432,0.599464,Fluorescein Only
301,6338,0.512705,Fluorescein Only
336,7038,0.540023,Fluorescein Only
329,6769,0.555443,Fluorescein Only
303,5153,0.690227,Fluorescein Only
125,1397,0.904902,Fluorescein Only
340,7033,0.547715,Fluorescein Only
325,6849,0.550873,Fluorescein Only
317,6418,0.620191,Fluorescein Only
340,6946,0.505213,Fluorescein Only
242,4796,0.711160,Fluorescein Only
382,8083,0.409128,Fluorescein Only
323,7183,0.527550,Fluorescein Only
300,6519,0.605782,Fluorescein Only
368,7447,0.258522,Fluorescein Only
303,6610,0.614547,Fluorescein Only
288,6016,0.600191,Fluorescein Only
244,4597,0.689500,Fluorescein Only
377,7345,0.324973,Fluorescein Only
248,5631,0.607951,Fluorescein Only
288,6355,0.651772,Fluorescein Only
393,7030,0.260525,Fluorescein Only
243,5115,0.465135,Fluorescein Only
368,6421,0.496269,Fluorescein Only
352,6557,0.445689,Fluorescein Only
281,5885,0.622055,Fluorescein Only
391,6860,0.232869,Fluorescein Only
340,5669,0.428465,Fluorescein Only
377,6050,0.195717,Fluorescein Only
357,6026,0.164077,Fluorescein Only
217,4846,0.572690,Fluorescein Only
329,6708,0.493665,Fluorescein Only
389,5550,0.265322,Fluorescein Only
364,5507,0.183227,Fluorescein Only
302,6358,0.565570,Fluorescein Only
384,5408,0.319359,Fluorescein Only
390,5557,0.234865,Fluorescein Only
297,6213,0.272552,Fluorescein Only
357,4809,0.266029,Fluorescein Only
352,4057,0.286784,Fluorescein Only
125,2459,0.442142,Fluorescein Only
313,4022,0.544047,Fluorescein Only
391,8645,0.476430,Fluorescein Only
328,6631,0.596235,Fluorescein Only
350,7595,0.543048,Fluorescein Only
311,3282,0.452533,Fluorescein Only
346,7303,0.564016,Fluorescein Only
337,7139,0.571641,Fluorescein Only
239,5114,0.578332,Fluorescein Only
321,6581,0.585789,Fluorescein Only
397,8383,0.323610,Fluorescein Only
374,6984,0.276328,Fluorescein Only
325,6964,0.575832,Fluorescein Only
398,8265,0.271365,Fluorescein Only
356,5909,0.528259,Fluorescein Only
366,7578,0.388356,Fluorescein Only
391,8043,0.310158,Fluorescein Only
379,7477,0.344226,Fluorescein Only
323,6831,0.500754,Fluorescein Only
342,6025,0.558823,Fluorescein Only
313,6365,0.588831,Fluorescein Only
373,7010,0.109272,Fluorescein Only
286,4663,0.237018,Fluorescein Only
308,5534,0.571975,Fluorescein Only
345,7178,0.456673,Fluorescein Only
367,6141,0.255931,Fluorescein Only
352,6434,0.510341,Fluorescein Only
290,6048,0.408985,Fluorescein Only
382,6094,0.248760,Fluorescein Only
364,6176,0.251411,Fluorescein Only
212,4097,0.607915,Fluorescein Only
298,6438,0.371670,Fluorescein Only
298,5691,0.319578,Fluorescein Only
348,5448,0.474961,Fluorescein Only
360,769,0.249804,Fluorescein Only
387,8064,0.478380,Fluorescein Only
362,5303,0.228808,Fluorescein Only
130,2818,0.510013,Fluorescein Only
97,2077,0.213160,Fluorescein Only
377,5279,0.225957,Fluorescein Only
380,4587,0.239747,Fluorescein Only
344,4639,0.385286,Fluorescein Only
367,4617,0.261329,Fluorescein Only
330,6622,0.499367,Fluorescein Only
350,2343,0.470940,Fluorescein Only
201,2369,0.841129,Fluorescein Only
302,6342,0.676612,Fluorescein Only
202,3480,0.716769,Fluorescein Only
339,6717,0.506252,Fluorescein Only
382,7234,0.294118,Fluorescein Only
330,6675,0.548477,Fluorescein Only
112,1736,0.377062,Fluorescein Only
346,5097,0.485823,Fluorescein Only
408,969,0.389810,Fluorescein Only
338,6928,0.405080,Fluorescein Only
404,8196,0.326433,Fluorescein Only
383,7753,0.327143,Fluorescein Only
375,6910,0.351505,Fluorescein Only
325,6552,0.492671,Fluorescein Only
347,7002,0.533059,Fluorescein Only
314,5275,0.518242,Fluorescein Only
326,6552,0.541226,Fluorescein Only
295,5596,0.698065,Fluorescein Only
378,6381,0.142789,Fluorescein Only
363,5621,0.475522,Fluorescein Only
346,6339,0.482674,Fluorescein Only
256,4771,0.657576,Fluorescein Only
381,6390,0.320215,Fluorescein Only
360,839,0.534511,Fluorescein Only
352,5623,0.390871,Fluorescein Only
378,6230,0.142789,Fluorescein Only
370,5487,0.143197,Fluorescein Only
367,7750,0.494941,Fluorescein Only
388,5246,0.191177,Fluorescein Only
304,6498,0.596387,Fluorescein Only
358,7763,0.452987,Fluorescein Only
340,4848,0.402372,Fluorescein Only
352,4958,0.475402,Fluorescein Only
298,5477,0.330218,Fluorescein Only
350,4999,0.406059,Fluorescein Only
338,7154,0.514528,Fluorescein Only
368,5072,0.269240,Fluorescein Only
347,4285,0.357733,Fluorescein Only
352,7313,0.484118,Fluorescein Only
347,714,0.464242,Fluorescein Only
362,4391,0.262823,Fluorescein Only
334,7291,0.446559,Fluorescein Only
341,3546,0.452355,Fluorescein Only
386,8213,0.229319,Fluorescein Only
301,6649,0.359152,Fluorescein Only
367,7494,0.389397,Fluorescein Only
298,5691,0.264034,Fluorescein Only
328,7002,0.387622,Fluorescein Only
187,4058,0.413385,Fluorescein Only
377,7265,0.165566,Fluorescein Only
381,6223,0.235984,Fluorescein Only
397,7896,0.270722,Fluorescein Only
332,6970,0.501340,Fluorescein Only
156,491,0.699413,Fluorescein Only
332,7075,0.494328,Fluorescein Only
375,5558,0.197800,Fluorescein Only
371,828,0.210687,Fluorescein Only
106,2302,0.495290,Fluorescein Only
373,7090,0.262110,Fluorescein Only
320,5717,0.395470,Fluorescein Only
302,6518,0.482094,Fluorescein Only
314,5763,0.467173,Fluorescein Only
310,6346,0.565571,Fluorescein Only
81,1751,0.000000,Fluorescein Only
324,5866,0.625827,Fluorescein Only
374,6451,0.391471,Fluorescein Only
396,6265,0.241793,Fluorescein Only
198,3966,0.742388,Fluorescein Only
114,2498,0.566484,Fluorescein Only
114,2476,0.566484,Fluorescein Only
334,2398,0.551280,Fluorescein Only
136,2986,0.684766,Fluorescein Only
391,6114,0.276847,Fluorescein Only
196,3950,0.755327,Fluorescein Only
264,4225,0.406261,Fluorescein Only
387,5789,0.184016,Fluorescein Only
128,2712,0.475191,Fluorescein Only
351,4722,0.456593,Fluorescein Only
346,4187,0.510677,Fluorescein Only
320,4043,0.314767,Fluorescein Only
362,4638,0.334682,Fluorescein Only
114,2300,0.566484,Fluorescein Only
361,4203,0.497476,Fluorescein Only
267,2967,0.577153,Fluorescein Only
145,430,0.617244,Fluorescein Only
142,2815,0.630310,Fluorescein Only
136,3044,0.684766,Fluorescein Only
132,2816,0.568775,Fluorescein Only
145,418,0.628951,Fluorescein Only
125,2626,0.633044,Fluorescein Only
154,888,0.676703,Fluorescein Only
136,2456,0.684766,Fluorescein Only
152,2874,0.687976,Fluorescein Only
125,2352,0.633044,Fluorescein Only
92,1636,0.346889,Fluorescein Only
140,2197,0.663881,Fluorescein Only
114,1975,0.566484,Fluorescein Only
148,2164,0.729279,Fluorescein Only
125,1974,0.633044,Fluorescein Only
103,1428,0.477225,Fluorescein Only
103,1402,0.477225,Fluorescein Only
114,1496,0.566484,Fluorescein Only
92,338,0.346889,Fluorescein Only
556837,897899,0.846139,Fluorescein Only
224304,363721,0.976472,Fluorescein Only
81,1638,0.000000,Fluorescein Only
44671,93866,0.998660,Fluorescein Only
168,3613,0.706588,Fluorescein Only
103,2214,0.477225,Fluorescein Only
114,2416,0.566484,Fluorescein Only
101,2138,0.528681,Fluorescein Only
125,2477,0.633044,Fluorescein Only
173,3576,0.675717,Fluorescein Only
136,2789,0.684766,Fluorescein Only
125,2559,0.633044,Fluorescein Only
125,2395,0.633044,Fluorescein Only
125,2346,0.633044,Fluorescein Only
170,3110,0.701960,Fluorescein Only
380,7542,0.250036,Fluorescein Only
103,1677,0.477225,Fluorescein Only
92,1329,0.346889,Fluorescein Only
125,1681,0.633044,Fluorescein Only
397,7754,0.304199,Fluorescein Only
367,5796,0.245391,Fluorescein Only
387,7061,0.143111,Fluorescein Only
394,7756,0.261974,Fluorescein Only
373,7461,0.115919,Fluorescein Only
375,7857,0.263699,Fluorescein Only
228,4453,0.557176,Fluorescein Only
389,8196,0.235663,Fluorescein Only
369,7624,0.231191,Fluorescein Only
384,8140,0.159012,Fluorescein Only
367,4942,0.103201,Fluorescein Only
369,6730,0.217381,Fluorescein Only
391,8197,0.267512,Fluorescein Only
375,7863,0.213890,Fluorescein Only
362,7395,0.275425,Fluorescein Only
395,8000,0.177933,Fluorescein Only
391,8173,0.300103,Fluorescein Only
247,4081,0.777236,Fluorescein Only
393,8023,0.278938,Fluorescein Only
391,7961,0.270935,Fluorescein Only
377,7415,0.234821,Fluorescein Only
355,7062,0.187485,Fluorescein Only
371,7500,0.194274,Fluorescein Only
382,7559,0.238485,Fluorescein Only
376,7603,0.193452,Fluorescein Only
371,7538,0.149480,Fluorescein Only
378,7665,0.213183,Fluorescein Only
375,5783,0.099490,Fluorescein Only
367,6917,0.217372,Fluorescein Only
375,7690,0.231038,Fluorescein Only
330,7189,0.429428,Fluorescein Only
368,6267,0.210018,Fluorescein Only
362,7301,0.254238,Fluorescein Only
350,5533,0.088931,Fluorescein Only
360,7482,0.225911,Fluorescein Only
377,6591,0.238264,Fluorescein Only
358,6811,0.282199,Fluorescein Only
373,4081,0.142988,Fluorescein Only
368,4919,0.222539,Fluorescein Only
370,6266,0.050264,Fluorescein Only
384,8056,0.300768,Fluorescein Only
360,7935,0.236979,Fluorescein Only
362,5097,0.275425,Fluorescein Only
371,6809,0.214273,Fluorescein Only
355,7355,0.280736,Fluorescein Only
384,7779,0.273942,Fluorescein Only
358,5191,0.190247,Fluorescein Only
358,7104,0.213340,Fluorescein Only
358,7563,0.282199,Fluorescein Only
348,6027,0.273564,Fluorescein Only
286,6000,0.676402,Fluorescein Only
349,6666,0.182054,Fluorescein Only
378,8081,0.277315,Fluorescein Only
366,7901,0.273342,Fluorescein Only
373,7873,0.164704,Fluorescein Only
366,6909,0.273342,Fluorescein Only
353,6179,0.181259,Fluorescein Only
377,6368,0.238264,Fluorescein Only
372,6860,0.155631,Fluorescein Only
351,6656,0.101440,Fluorescein Only
274,4097,0.700375,Fluorescein Only
371,7775,0.182215,Fluorescein Only
361,6538,0.216880,Fluorescein Only
371,2448,0.154801,Fluorescein Only
362,7455,0.249672,Fluorescein Only
348,6131,0.199227,Fluorescein Only
349,7383,0.266551,Fluorescein Only
347,5513,0.161190,Fluorescein Only
360,7010,0.164164,Fluorescein Only
367,7766,0.281348,Fluorescein Only
362,7829,0.310129,Fluorescein Only
364,6878,0.242458,Fluorescein Only
370,4743,0.223188,Fluorescein Only
341,5548,0.184184,Fluorescein Only
371,6599,0.214273,Fluorescein Only
364,7577,0.281557,Fluorescein Only
339,4522,0.070759,Fluorescein Only
355,5341,0.299877,Fluorescein Only
337,4100,0.140046,Fluorescein Only
373,5055,0.205450,Fluorescein Only
347,6084,0.434618,Fluorescein Only
260,3054,0.697459,Fluorescein Only
360,5197,0.230307,Fluorescein Only
346,5972,0.212403,Fluorescein Only
366,6777,0.213710,Fluorescein Only
376,8119,0.250209,Fluorescein Only
347,7385,0.149705,Fluorescein Only
347,7383,0.155343,Fluorescein Only
350,7113,0.259279,Fluorescein Only
341,5194,0.136951,Fluorescein Only
376,7113,0.330533,Fluorescein Only
360,7574,0.305837,Fluorescein Only
208,3231,0.818575,Fluorescein Only
358,4153,0.282199,Fluorescein Only
345,6928,0.459008,Fluorescein Only
345,5963,0.073353,Fluorescein Only
349,802,0.320327,Fluorescein Only
330,4667,0.545025,Fluorescein Only
339,5409,0.070759,Fluorescein Only
242,4723,0.723911,Fluorescein Only
369,7022,0.249780,Fluorescein Only
357,7190,0.317905,Fluorescein Only
350,4368,0.266599,Fluorescein Only
365,8103,0.327905,Fluorescein Only
344,6882,0.393675,Fluorescein Only
362,6900,0.277227,Fluorescein Only
347,7478,0.129726,Fluorescein Only
339,7251,0.331885,Fluorescein Only
347,5932,0.290994,Fluorescein Only
360,7337,0.297768,Fluorescein Only
347,5827,0.148926,Fluorescein Only
341,6132,0.213126,Fluorescein Only
342,6695,0.211032,Fluorescein Only
336,4464,0.217427,Fluorescein Only
335,4564,0.151401,Fluorescein Only
346,6870,0.295163,Fluorescein Only
361,6938,0.216559,Fluorescein Only
346,4439,0.127502,Fluorescein Only
364,6241,0.161478,Fluorescein Only
349,7399,0.280404,Fluorescein Only
330,3852,0.239862,Fluorescein Only
339,4902,0.201997,Fluorescein Only
336,6066,0.211161,Fluorescein Only
370,7463,0.215023,Fluorescein Only
338,6927,0.344608,Fluorescein Only
325,4932,0.316964,Fluorescein Only
300,6121,0.626608,Fluorescein Only
334,5801,0.174810,Fluorescein Only
365,822,0.253833,Fluorescein Only
340,6652,0.277905,Fluorescein Only
332,5178,0.227472,Fluorescein Only
358,6726,0.245840,Fluorescein Only
354,7444,0.281661,Fluorescein Only
346,7335,0.230793,Fluorescein Only
360,7433,0.249804,Fluorescein Only
338,6699,0.363635,Fluorescein Only
254,4965,0.223865,Fluorescein Only
370,6159,0.229595,Fluorescein Only
358,7096,0.229581,Fluorescein Only
265,5465,0.665582,Fluorescein Only
339,5494,0.238594,Fluorescein Only
339,5626,0.201997,Fluorescein Only
334,6736,0.287397,Fluorescein Only
358,7667,0.264326,Fluorescein Only
360,6744,0.261980,Fluorescein Only
316,6453,0.455264,Fluorescein Only
234,4398,0.457942,Fluorescein Only
332,6577,0.294520,Fluorescein Only
300,5821,0.566982,Fluorescein Only
350,1400,0.279438,Fluorescein Only
356,7085,0.213361,Fluorescein Only
358,6316,0.282199,Fluorescein Only
334,6440,0.312485,Fluorescein Only
356,5846,0.247481,Fluorescein Only
337,6055,0.140046,Fluorescein Only
322,6703,0.330347,Fluorescein Only
357,4831,0.234763,Fluorescein Only
354,5135,0.270790,Fluorescein Only
358,4470,0.193353,Fluorescein Only
322,4308,0.150983,Fluorescein Only
337,6058,0.183135,Fluorescein Only
263,3141,0.674602,Fluorescein Only
330,4875,0.245443,Fluorescein Only
355,6156,0.182631,Fluorescein Only
341,6366,0.308387,Fluorescein Only
351,6930,0.142025,Fluorescein Only
357,6714,0.265931,Fluorescein Only
332,732,0.286989,Fluorescein Only
360,6851,0.300972,Fluorescein Only
351,5184,0.187127,Fluorescein Only
337,5771,0.286074,Fluorescein Only
351,6865,0.149500,Fluorescein Only
330,5958,0.312308,Fluorescein Only
244,4547,0.633858,Fluorescein Only
311,4329,0.520111,Fluorescein Only
181,3365,0.835947,Fluorescein Only
332,5049,0.227050,Fluorescein Only
352,6276,0.246042,Fluorescein Only
338,988,0.374166,Fluorescein Only
288,5700,0.481838,Fluorescein Only
334,4771,0.245918,Fluorescein Only
333,5598,0.266279,Fluorescein Only
339,6823,0.147530,Fluorescein Only
351,6548,0.224427,Fluorescein Only
335,5704,0.230268,Fluorescein Only
350,6917,0.154327,Fluorescein Only
337,6577,0.016406,Fluorescein Only
331,6831,0.210579,Fluorescein Only
367,7087,0.149318,Fluorescein Only
330,6460,0.249071,Fluorescein Only
354,7036,0.242550,Fluorescein Only
331,5553,0.229904,Fluorescein Only
356,6329,0.247481,Fluorescein Only
343,6200,0.200151,Fluorescein Only
357,7167,0.319314,Fluorescein Only
343,6642,0.169272,Fluorescein Only
337,6731,0.183135,Fluorescein Only
343,4789,0.145518,Fluorescein Only
322,4609,0.150983,Fluorescein Only
341,5816,0.263220,Fluorescein Only
333,4396,0.031340,Fluorescein Only
345,4474,0.266084,Fluorescein Only
330,4853,0.283583,Fluorescein Only
324,5750,0.242715,Fluorescein Only
350,6921,0.154327,Fluorescein Only
339,4134,0.221780,Fluorescein Only
322,4640,0.267822,Fluorescein Only
351,6084,0.149500,Fluorescein Only
335,6936,0.458305,Fluorescein Only
339,5426,0.221780,Fluorescein Only
332,894,0.317162,Fluorescein Only
330,6653,0.283583,Fluorescein Only
345,5448,0.224647,Fluorescein Only
354,4958,0.204846,Fluorescein Only
260,4309,0.326150,Fluorescein Only
328,6316,0.228308,Fluorescein Only
343,6240,0.247662,Fluorescein Only
350,5473,0.309668,Fluorescein Only
339,5905,0.227617,Fluorescein Only
331,1709,0.465307,Fluorescein Only
360,7423,0.258200,Fluorescein Only
328,5832,0.161791,Fluorescein Only
338,5361,0.313019,Fluorescein Only
314,5047,0.159134,Fluorescein Only
346,7287,0.426189,Fluorescein Only
350,6695,0.340238,Fluorescein Only
345,7081,0.213164,Fluorescein Only
342,6256,0.267062,Fluorescein Only
351,5543,0.282960,Fluorescein Only
340,6933,0.247000,Fluorescein Only
358,7235,0.380403,Fluorescein Only
348,4997,0.351253,Fluorescein Only
347,4718,0.232202,Fluorescein Only
324,6819,0.439839,Fluorescein Only
316,5699,0.032797,Fluorescein Only
325,5408,0.220851,Fluorescein Only
349,6451,0.265286,Fluorescein Only
305,6042,0.444782,Fluorescein Only
352,5539,0.246042,Fluorescein Only
318,4415,0.219574,Fluorescein Only
324,4554,0.000000,Fluorescein Only
342,6928,0.387738,Fluorescein Only
337,6808,0.228634,Fluorescein Only
320,4188,0.277285,Fluorescein Only
341,5014,0.000000,Fluorescein Only
351,6591,0.216121,Fluorescein Only
328,6203,0.223486,Fluorescein Only
274,2814,0.615101,Fluorescein Only
337,5641,0.205695,Fluorescein Only
244,2340,0.198197,Fluorescein Only
334,5909,0.287397,Fluorescein Only
328,6347,0.161791,Fluorescein Only
338,4903,0.286775,Fluorescein Only
343,6233,0.169272,Fluorescein Only
318,2298,0.307512,Fluorescein Only
359,7388,0.301231,Fluorescein Only
351,7418,0.151314,Fluorescein Only
332,4935,0.279312,Fluorescein Only
346,5951,0.364056,Fluorescein Only
357,7127,0.255267,Fluorescein Only
139,2701,0.882068,Fluorescein Only
339,5444,0.070759,Fluorescein Only
327,5275,0.232565,Fluorescein Only
346,7096,0.156182,Fluorescein Only
329,5695,0.184858,Fluorescein Only
343,5304,0.264486,Fluorescein Only
322,5842,0.287790,Fluorescein Only
330,6679,0.152494,Fluorescein Only
332,6034,0.278937,Fluorescein Only
355,6730,0.247807,Fluorescein Only
332,6602,0.260311,Fluorescein Only
331,5083,0.374666,Fluorescein Only
346,6105,0.328455,Fluorescein Only
330,6736,0.303705,Fluorescein Only
340,6772,0.350609,Fluorescein Only
338,6719,0.313019,Fluorescein Only
324,2454,0.282301,Fluorescein Only
347,754,0.161190,Fluorescein Only
346,6738,0.335863,Fluorescein Only
360,7422,0.249804,Fluorescein Only
330,6084,0.219810,Fluorescein Only
347,5790,0.147209,Fluorescein Only
341,6177,0.000000,Fluorescein Only
313,4381,0.362758,Fluorescein Only
322,4451,0.284762,Fluorescein Only
330,4102,0.311021,Fluorescein Only
330,4408,0.234244,Fluorescein Only
334,4845,0.325140,Fluorescein Only
340,6127,0.230541,Fluorescein Only
332,4090,0.268578,Fluorescein Only
322,4597,0.284762,Fluorescein Only
332,6812,0.342626,Fluorescein Only
324,4809,0.274326,Fluorescein Only
332,6631,0.091480,Fluorescein Only
336,6971,0.283726,Fluorescein Only
345,6838,0.205796,Fluorescein Only
346,5803,0.268723,Fluorescein Only
335,5849,0.227536,Fluorescein Only
314,4816,0.201373,Fluorescein Only
328,6169,0.274004,Fluorescein Only
332,6627,0.033135,Fluorescein Only
366,6869,0.240200,Fluorescein Only
228,3283,0.719873,Fluorescein Only
365,6775,0.168818,Fluorescein Only
373,6755,0.120301,Fluorescein Only
320,778,0.252850,Fluorescein Only
337,6542,0.335898,Fluorescein Only
330,5835,0.262968,Fluorescein Only
359,6397,0.299302,Fluorescein Only
339,6813,0.147530,Fluorescein Only
334,6487,0.291984,Fluorescein Only
265,1007,0.321597,Fluorescein Only
351,6505,0.282561,Fluorescein Only
353,4959,0.045939,Fluorescein Only
345,6540,0.266084,Fluorescein Only
332,4153,0.378673,Fluorescein Only
323,5681,0.365189,Fluorescein Only
345,6622,0.224441,Fluorescein Only
357,6608,0.253103,Fluorescein Only
251,3015,0.209865,Fluorescein Only
312,4268,0.485231,Fluorescein Only
355,6315,0.306908,Fluorescein Only
335,5788,0.249327,Fluorescein Only
358,7323,0.268198,Fluorescein Only
321,4149,0.439648,Fluorescein Only
332,6337,0.279312,Fluorescein Only
329,4258,0.171051,Fluorescein Only
320,3369,0.185757,Fluorescein Only
350,5620,0.173934,Fluorescein Only
332,4282,0.211209,Fluorescein Only
314,3825,0.303822,Fluorescein Only
328,5082,0.203425,Fluorescein Only
335,4446,0.208525,Fluorescein Only
278,3400,0.608057,Fluorescein Only
332,6113,0.268044,Fluorescein Only
345,752,0.354089,Fluorescein Only
342,6402,0.138534,Fluorescein Only
330,4814,0.305412,Fluorescein Only
345,6628,0.272627,Fluorescein Only
371,7104,0.167720,Fluorescein Only
358,6076,0.140295,Fluorescein Only
339,5703,0.147530,Fluorescein Only
241,4238,0.701810,Fluorescein Only
324,4457,0.233253,Fluorescein Only
334,5892,0.214266,Fluorescein Only
361,7107,0.078943,Fluorescein Only
364,6988,0.281557,Fluorescein Only
339,5690,0.201997,Fluorescein Only
112,2158,0.893624,Fluorescein Only
328,6640,0.205957,Fluorescein Only
337,5455,0.181689,Fluorescein Only
364,6601,0.279916,Fluorescein Only
347,4552,0.159477,Fluorescein Only
340,6476,0.223890,Fluorescein Only
278,4724,0.581326,Fluorescein Only
364,7372,0.126401,Fluorescein Only
355,2064,0.157299,Fluorescein Only
343,6564,0.145518,Fluorescein Only
336,5341,0.299873,Fluorescein Only
359,6810,0.272226,Fluorescein Only
203,2395,0.714520,Fluorescein Only
313,4700,0.507587,Fluorescein Only
360,6657,0.237035,Fluorescein Only
332,5721,0.105897,Fluorescein Only
326,654,0.243493,Fluorescein Only
357,4053,0.208068,Fluorescein Only
146,503,0.579721,Fluorescein Only
336,4007,0.279333,Fluorescein Only
341,4026,0.269745,Fluorescein Only
312,5875,0.512553,Fluorescein Only
331,3730,0.210154,Fluorescein Only
341,5476,0.156547,Fluorescein Only
139,2216,0.674120,Fluorescein Only
315,5010,0.479975,Fluorescein Only
356,1071,0.277749,Fluorescein Only
357,7200,0.280736,Fluorescein Only
319,4632,0.415493,Fluorescein Only
356,6371,0.180982,Fluorescein Only
354,4424,0.049948,Fluorescein Only
258,3828,0.669164,Fluorescein Only
308,5816,0.439430,Fluorescein Only
130,338,0.573343,Fluorescein Only
290,4637,0.577018,Fluorescein Only
132,367,0.548676,Fluorescein Only
290,3802,0.532314,Fluorescein Only
331,6087,0.334183,Fluorescein Only
92,1867,0.346889,Fluorescein Only
330,4641,0.237680,Fluorescein Only
342,1811,0.265925,Fluorescein Only
125,2644,0.633044,Fluorescein Only
220,3447,0.740039,Fluorescein Only
250,5334,0.680102,Fluorescein Only
152,465,0.708742,Fluorescein Only
287,6053,0.551455,Fluorescein Only
81,1662,0.000000,Fluorescein Only
155,3179,0.703326,Fluorescein Only
337,2163,0.208068,Fluorescein Only
175,1347,0.649049,Fluorescein Only
331,844,0.437742,Fluorescein Only
333,4130,0.372312,Fluorescein Only
160,498,0.501187,Fluorescein Only
290,5510,0.532377,Fluorescein Only
114,2320,0.566484,Fluorescein Only
218,581,0.682104,Fluorescein Only
337,5188,0.140046,Fluorescein Only
246,1565,0.248774,Fluorescein Only
321,3638,0.182952,Fluorescein Only
336,4458,0.339864,Fluorescein Only
324,3841,0.270486,Fluorescein Only
322,3670,0.291261,Fluorescein Only
186,2697,0.615439,Fluorescein Only
195,2956,0.711525,Fluorescein Only
92,1705,0.346889,Fluorescein Only
269,4114,0.531987,Fluorescein Only
103,1769,0.477225,Fluorescein Only
200,3168,0.748704,Fluorescein Only
276,3876,0.542508,Fluorescein Only
214,2914,0.691845,Fluorescein Only
161,385,0.548795,Fluorescein Only
481740,787826,0.887501,Fluorescein Only
316061,510699,0.953170,Fluorescein Only
213,519,0.869768,Fluorescein Only
1264,5147,0.887454,Fluorescein Only
81,1686,0.000000,Fluorescein Only
34203,145397,0.997017,Fluorescein Only
166,3411,0.720707,Fluorescein Only
103,2169,0.477225,Fluorescein Only
374,7161,0.166745,Fluorescein Only
419,8378,0.287333,Fluorescein Only
242,3880,0.747537,Fluorescein Only
168,3236,0.706588,Fluorescein Only
273,5274,0.659901,Fluorescein Only
237,4071,0.688314,Fluorescein Only
205,3741,0.733586,Fluorescein Only
204,3673,0.710340,Fluorescein Only
192,3320,0.701697,Fluorescein Only
137,2280,0.487703,Fluorescein Only
7845,15605,0.957181,Fluorescein Only
232,3760,0.713535,Fluorescein Only
213,3224,0.757901,Fluorescein Only
401,7605,0.142886,Fluorescein Only
254,3703,0.707372,Fluorescein Only
183,2527,0.721198,Fluorescein Only
265,5145,0.775614,Fluorescein Only
391,6409,0.186696,Fluorescein Only
404,8000,0.244555,Fluorescein Only
360,6994,0.501985,Fluorescein Only
391,5928,0.137653,Fluorescein Only
360,7381,0.496550,Fluorescein Only
378,4987,0.140212,Fluorescein Only
365,7322,0.448538,Fluorescein Only
284,5085,0.429781,Fluorescein Only
357,7343,0.456119,Fluorescein Only
397,7659,0.247146,Fluorescein Only
428,8718,0.230686,Fluorescein Only
363,7378,0.439169,Fluorescein Only
395,7655,0.280193,Fluorescein Only
369,7375,0.352049,Fluorescein Only
351,7210,0.526304,Fluorescein Only
352,7049,0.533074,Fluorescein Only
396,8322,0.373448,Fluorescein Only
304,5729,0.084922,Fluorescein Only
365,7362,0.507034,Fluorescein Only
397,7808,0.111111,Fluorescein Only
347,7308,0.476494,Fluorescein Only
375,7725,0.518528,Fluorescein Only
390,7295,0.231870,Fluorescein Only
395,8062,0.190043,Fluorescein Only
404,6174,0.167365,Fluorescein Only
361,7550,0.415281,Fluorescein Only
404,8482,0.150455,Fluorescein Only
358,7391,0.512063,Fluorescein Only
362,7642,0.548673,Fluorescein Only
385,7451,0.214476,Fluorescein Only
361,7247,0.529011,Fluorescein Only
405,6686,0.151184,Fluorescein Only
388,8072,0.239364,Fluorescein Only
386,7861,0.142706,Fluorescein Only
363,7659,0.355457,Fluorescein Only
376,5666,0.027223,Fluorescein Only
399,8281,0.350054,Fluorescein Only
401,7952,0.213492,Fluorescein Only
143,2803,0.889193,Fluorescein Only
374,5194,0.188572,Fluorescein Only
337,7060,0.500175,Fluorescein Only
400,5164,0.204030,Fluorescein Only
413,7364,0.225197,Fluorescein Only
383,7377,0.446588,Fluorescein Only
385,7693,0.450260,Fluorescein Only
385,7985,0.380701,Fluorescein Only
414,7562,0.274995,Fluorescein Only
393,7992,0.143993,Fluorescein Only
363,7572,0.512393,Fluorescein Only
319,6511,0.547223,Fluorescein Only
375,5620,0.105925,Fluorescein Only
357,7336,0.520689,Fluorescein Only
376,5408,0.027223,Fluorescein Only
382,7136,0.248760,Fluorescein Only
393,8023,0.210925,Fluorescein Only
361,7476,0.487800,Fluorescein Only
375,4965,0.114097,Fluorescein Only
395,7754,0.248108,Fluorescein Only
396,8283,0.183263,Fluorescein Only
347,7231,0.499428,Fluorescein Only
380,6566,0.219998,Fluorescein Only
348,7283,0.494235,Fluorescein Only
365,4425,0.351073,Fluorescein Only
393,6382,0.248576,Fluorescein Only
377,7476,0.278748,Fluorescein Only
361,7608,0.425255,Fluorescein Only
375,5613,0.167852,Fluorescein Only
377,7975,0.340387,Fluorescein Only
336,7066,0.513748,Fluorescein Only
375,5159,0.220559,Fluorescein Only
389,7665,0.210930,Fluorescein Only
396,8341,0.191830,Fluorescein Only
369,7372,0.490169,Fluorescein Only
376,7660,0.427144,Fluorescein Only
359,4495,0.308524,Fluorescein Only
365,7510,0.216492,Fluorescein Only
401,6903,0.252215,Fluorescein Only
395,6910,0.190492,Fluorescein Only
396,8341,0.253787,Fluorescein Only
377,7956,0.443599,Fluorescein Only
305,6357,0.561484,Fluorescein Only
368,5822,0.130443,Fluorescein Only
405,8100,0.150530,Fluorescein Only
394,5621,0.169305,Fluorescein Only
386,7144,0.145499,Fluorescein Only
292,5206,0.281379,Fluorescein Only
394,8336,0.229348,Fluorescein Only
376,7981,0.199410,Fluorescein Only
341,6993,0.497817,Fluorescein Only
367,4798,0.207427,Fluorescein Only
399,7564,0.044141,Fluorescein Only
351,7534,0.480555,Fluorescein Only
362,7898,0.254792,Fluorescein Only
382,6592,0.139536,Fluorescein Only
350,7338,0.452958,Fluorescein Only
369,6050,0.237009,Fluorescein Only
396,7680,0.183263,Fluorescein Only
396,8252,0.191830,Fluorescein Only
358,7628,0.374669,Fluorescein Only
358,5283,0.213340,Fluorescein Only
383,7886,0.331255,Fluorescein Only
368,5057,0.088175,Fluorescein Only
372,7254,0.299622,Fluorescein Only
374,7652,0.139831,Fluorescein Only
380,8250,0.248265,Fluorescein Only
383,4761,0.177133,Fluorescein Only
337,6041,0.468573,Fluorescein Only
401,8091,0.132478,Fluorescein Only
370,7866,0.400070,Fluorescein Only
391,6661,0.140079,Fluorescein Only
349,7466,0.402275,Fluorescein Only
392,5765,0.210915,Fluorescein Only
349,7502,0.431743,Fluorescein Only
398,7957,0.210641,Fluorescein Only
385,5493,0.194722,Fluorescein Only
364,7699,0.256923,Fluorescein Only
345,7345,0.404702,Fluorescein Only
388,7922,0.302378,Fluorescein Only
392,8079,0.163831,Fluorescein Only
360,4697,0.128649,Fluorescein Only
364,6421,0.281557,Fluorescein Only
352,7404,0.440585,Fluorescein Only
355,6154,0.257967,Fluorescein Only
362,6682,0.297741,Fluorescein Only
378,7952,0.142789,Fluorescein Only
347,7320,0.412875,Fluorescein Only
369,5923,0.152487,Fluorescein Only
384,7938,0.064068,Fluorescein Only
307,6701,0.631295,Fluorescein Only
388,7287,0.266573,Fluorescein Only
366,5393,0.143959,Fluorescein Only
374,7935,0.109236,Fluorescein Only
334,7084,0.512945,Fluorescein Only
390,8289,0.247037,Fluorescein Only
356,7331,0.376944,Fluorescein Only
362,4913,0.133809,Fluorescein Only
378,7285,0.202342,Fluorescein Only
323,6869,0.505658,Fluorescein Only
371,6625,0.149480,Fluorescein Only
374,7343,0.142141,Fluorescein Only
378,7423,0.147220,Fluorescein Only
365,6002,0.176652,Fluorescein Only
355,7485,0.346501,Fluorescein Only
112,1362,0.893624,Fluorescein Only
369,5536,0.204740,Fluorescein Only
390,7448,0.150149,Fluorescein Only
386,7845,0.279035,Fluorescein Only
312,6637,0.577661,Fluorescein Only
362,5087,0.264976,Fluorescein Only
324,6939,0.557670,Fluorescein Only
375,7692,0.300301,Fluorescein Only
366,7881,0.216348,Fluorescein Only
363,7838,0.377457,Fluorescein Only
348,4495,0.273564,Fluorescein Only
358,6056,0.282199,Fluorescein Only
362,6411,0.125806,Fluorescein Only
394,7916,0.199660,Fluorescein Only
347,7274,0.428062,Fluorescein Only
367,5801,0.220579,Fluorescein Only
209,4260,0.822715,Fluorescein Only
367,7848,0.098840,Fluorescein Only
344,7416,0.431889,Fluorescein Only
362,7760,0.281885,Fluorescein Only
356,5049,0.248812,Fluorescein Only
356,6493,0.180982,Fluorescein Only
368,7548,0.000000,Fluorescein Only
393,8179,0.309288,Fluorescein Only
369,4842,0.055403,Fluorescein Only
356,7730,0.401834,Fluorescein Only
354,7365,0.368490,Fluorescein Only
377,6986,0.172282,Fluorescein Only
354,7244,0.456687,Fluorescein Only
376,7725,0.027500,Fluorescein Only
345,5998,0.016592,Fluorescein Only
372,7041,0.132935,Fluorescein Only
364,5967,0.239043,Fluorescein Only
386,8174,0.198578,Fluorescein Only
338,7158,0.446956,Fluorescein Only
356,5275,0.247481,Fluorescein Only
374,6975,0.139831,Fluorescein Only
322,6841,0.531808,Fluorescein Only
348,4755,0.417722,Fluorescein Only
331,6998,0.470027,Fluorescein Only
377,7383,0.172282,Fluorescein Only
368,7943,0.252046,Fluorescein Only
237,2902,0.735298,Fluorescein Only
375,6793,0.141468,Fluorescein Only
338,7231,0.440910,Fluorescein Only
377,6406,0.282886,Fluorescein Only
359,7119,0.216011,Fluorescein Only
320,6853,0.531315,Fluorescein Only
377,5696,0.152636,Fluorescein Only
382,8034,0.139536,Fluorescein Only
106,381,0.495290,Fluorescein Only
330,6896,0.445063,Fluorescein Only
375,5375,0.216069,Fluorescein Only
352,7221,0.168562,Fluorescein Only
355,7652,0.475598,Fluorescein Only
359,7691,0.301644,Fluorescein Only
340,4378,0.197302,Fluorescein Only
332,7101,0.376915,Fluorescein Only
371,6319,0.210687,Fluorescein Only
358,6696,0.221851,Fluorescein Only
358,7266,0.213340,Fluorescein Only
346,4735,0.437086,Fluorescein Only
364,5798,0.137853,Fluorescein Only
358,6653,0.197678,Fluorescein Only
334,7199,0.436919,Fluorescein Only
372,7862,0.280689,Fluorescein Only
343,6451,0.462033,Fluorescein Only
358,7281,0.213340,Fluorescein Only
333,4942,0.335166,Fluorescein Only
373,6633,0.318503,Fluorescein Only
351,6382,0.231755,Fluorescein Only
364,7762,0.341159,Fluorescein Only
337,4556,0.169679,Fluorescein Only
381,8008,0.133321,Fluorescein Only
321,6711,0.525404,Fluorescein Only
370,7081,0.237370,Fluorescein Only
362,6046,0.204841,Fluorescein Only
274,5458,0.668083,Fluorescein Only
321,6723,0.442436,Fluorescein Only
337,5631,0.140046,Fluorescein Only
355,6800,0.167929,Fluorescein Only
368,7499,0.140809,Fluorescein Only
352,7197,0.413630,Fluorescein Only
340,5076,0.063883,Fluorescein Only
357,6918,0.316456,Fluorescein Only
343,4826,0.222742,Fluorescein Only
350,6812,0.204593,Fluorescein Only
368,7827,0.182768,Fluorescein Only
357,7441,0.313300,Fluorescein Only
327,4228,0.194052,Fluorescein Only
356,6342,0.171884,Fluorescein Only
351,7085,0.181750,Fluorescein Only
351,6081,0.231755,Fluorescein Only
375,7983,0.260808,Fluorescein Only
307,5668,0.488004,Fluorescein Only
355,6627,0.306908,Fluorescein Only
341,5301,0.000000,Fluorescein Only
367,7430,0.103201,Fluorescein Only
341,4906,0.000000,Fluorescein Only
379,7515,0.277254,Fluorescein Only
337,4421,0.220560,Fluorescein Only
361,6633,0.289310,Fluorescein Only
354,7107,0.235994,Fluorescein Only
347,7354,0.233090,Fluorescein Only
358,7547,0.299834,Fluorescein Only
76,1518,0.914944,Fluorescein Only
366,5941,0.271361,Fluorescein Only
386,7629,0.186781,Fluorescein Only
373,6915,0.131127,Fluorescein Only
381,7847,0.227399,Fluorescein Only
377,7425,0.238264,Fluorescein Only
384,7172,0.153531,Fluorescein Only
362,5897,0.023149,Fluorescein Only
375,7728,0.103254,Fluorescein Only
373,6913,0.174720,Fluorescein Only
377,7403,0.161198,Fluorescein Only
342,5178,0.160545,Fluorescein Only
340,6589,0.413109,Fluorescein Only
374,7505,0.081532,Fluorescein Only
364,5050,0.265943,Fluorescein Only
352,6741,0.149957,Fluorescein Only
351,6680,0.101440,Fluorescein Only
96,299,0.426401,Fluorescein Only
329,6984,0.409183,Fluorescein Only
341,6007,0.338105,Fluorescein Only
349,6636,0.182054,Fluorescein Only
373,7662,0.174720,Fluorescein Only
372,5163,0.185539,Fluorescein Only
343,5554,0.153317,Fluorescein Only
354,6846,0.228241,Fluorescein Only
349,7410,0.429468,Fluorescein Only
337,5106,0.205695,Fluorescein Only
344,4860,0.148059,Fluorescein Only
358,7383,0.229581,Fluorescein Only
355,7351,0.231940,Fluorescein Only
337,4294,0.169679,Fluorescein Only
356,6389,0.334800,Fluorescein Only
347,6630,0.161190,Fluorescein Only
361,7523,0.330663,Fluorescein Only
349,5739,0.247455,Fluorescein Only
358,7320,0.282199,Fluorescein Only
388,7542,0.286488,Fluorescein Only
351,6899,0.101440,Fluorescein Only
347,5412,0.161190,Fluorescein Only
282,5760,0.719028,Fluorescein Only
354,6407,0.328238,Fluorescein Only
350,4534,0.164634,Fluorescein Only
360,7042,0.207694,Fluorescein Only
358,7383,0.293834,Fluorescein Only
364,7521,0.283778,Fluorescein Only
367,7192,0.207427,Fluorescein Only
330,4399,0.249071,Fluorescein Only
371,6513,0.339015,Fluorescein Only
386,7707,0.251508,Fluorescein Only
352,6402,0.299567,Fluorescein Only
360,7576,0.249804,Fluorescein Only
368,7335,0.299990,Fluorescein Only
349,6050,0.247455,Fluorescein Only
372,7617,0.139071,Fluorescein Only
338,5537,0.238681,Fluorescein Only
354,6654,0.210595,Fluorescein Only
340,6802,0.443357,Fluorescein Only
368,7397,0.177235,Fluorescein Only
360,5284,0.249804,Fluorescein Only
371,6891,0.149480,Fluorescein Only
353,6909,0.268491,Fluorescein Only
364,6670,0.265943,Fluorescein Only
339,4685,0.147530,Fluorescein Only
395,7721,0.177477,Fluorescein Only
350,6245,0.204593,Fluorescein Only
384,7683,0.225047,Fluorescein Only
122,1540,0.899152,Fluorescein Only
358,6188,0.245840,Fluorescein Only
368,7123,0.136913,Fluorescein Only
343,5689,0.153317,Fluorescein Only
360,5028,0.249804,Fluorescein Only
384,6836,0.242951,Fluorescein Only
352,5360,0.178464,Fluorescein Only
362,7172,0.268214,Fluorescein Only
380,7313,0.304558,Fluorescein Only
384,7249,0.264723,Fluorescein Only
352,4972,0.180125,Fluorescein Only
349,4544,0.204658,Fluorescein Only
345,5995,0.206521,Fluorescein Only
367,7159,0.468033,Fluorescein Only
374,7287,0.198218,Fluorescein Only
366,6514,0.223490,Fluorescein Only
384,7390,0.196590,Fluorescein Only
347,5752,0.218985,Fluorescein Only
343,5300,0.153317,Fluorescein Only
369,7001,0.055403,Fluorescein Only
392,7618,0.320793,Fluorescein Only
358,6131,0.213340,Fluorescein Only
358,6876,0.214418,Fluorescein Only
397,7975,0.239004,Fluorescein Only
391,7778,0.244770,Fluorescein Only
350,5013,0.218337,Fluorescein Only
382,7605,0.144214,Fluorescein Only
343,4341,0.147677,Fluorescein Only
356,6227,0.300567,Fluorescein Only
384,6869,0.326373,Fluorescein Only
396,7854,0.242891,Fluorescein Only
360,6984,0.263127,Fluorescein Only
355,6972,0.429044,Fluorescein Only
368,6607,0.260225,Fluorescein Only
358,5222,0.200452,Fluorescein Only
362,6101,0.215501,Fluorescein Only
359,6181,0.301644,Fluorescein Only
373,7558,0.235741,Fluorescein Only
373,6404,0.253546,Fluorescein Only
350,5069,0.207612,Fluorescein Only
200,3956,0.512574,Fluorescein Only
346,4674,0.244564,Fluorescein Only
366,6643,0.220344,Fluorescein Only
388,7466,0.277774,Fluorescein Only
250,3102,0.743468,Fluorescein Only
369,6854,0.204740,Fluorescein Only
380,6438,0.168830,Fluorescein Only
399,7753,0.046222,Fluorescein Only
390,7327,0.267421,Fluorescein Only
375,5160,0.226977,Fluorescein Only
364,6654,0.279709,Fluorescein Only
386,7465,0.159760,Fluorescein Only
384,7423,0.192529,Fluorescein Only
344,7049,0.351588,Fluorescein Only
366,4928,0.158036,Fluorescein Only
360,6116,0.225911,Fluorescein Only
341,4338,0.183626,Fluorescein Only
366,6638,0.278530,Fluorescein Only
362,6520,0.300560,Fluorescein Only
372,7111,0.219203,Fluorescein Only
372,7654,0.258205,Fluorescein Only
332,5892,0.374006,Fluorescein Only
139,1469,0.790130,Fluorescein Only
378,7506,0.213183,Fluorescein Only
386,6714,0.159760,Fluorescein Only
364,6971,0.281557,Fluorescein Only
148,2143,0.750668,Fluorescein Only
383,5846,0.255555,Fluorescein Only
356,5781,0.171884,Fluorescein Only
325,6540,0.510439,Fluorescein Only
378,5364,0.142789,Fluorescein Only
365,6356,0.186157,Fluorescein Only
342,4281,0.446727,Fluorescein Only
355,6351,0.153692,Fluorescein Only
351,757,0.181750,Fluorescein Only
336,6088,0.447622,Fluorescein Only
168,3374,0.706588,Fluorescein Only
150,3010,0.716437,Fluorescein Only
249,4244,0.585834,Fluorescein Only
103,1673,0.477225,Fluorescein Only
368,5125,0.182119,Fluorescein Only
358,6489,0.299834,Fluorescein Only
475,1244,0.774725,Fluorescein Only
331,6671,0.430142,Fluorescein Only
355,4956,0.229200,Fluorescein Only
351,5525,0.263461,Fluorescein Only
114,2023,0.566484,Fluorescein Only
372,5004,0.166536,Fluorescein Only
1136,2551,0.865173,Fluorescein Only
378,6444,0.293615,Fluorescein Only
274,5603,0.652851,Fluorescein Only
108,296,0.342340,Fluorescein Only
320,6340,0.546277,Fluorescein Only
358,4048,0.214418,Fluorescein Only
103,2111,0.477225,Fluorescein Only
269,5201,0.610424,Fluorescein Only
92,1693,0.346889,Fluorescein Only
106,263,0.495290,Fluorescein Only
360,5445,0.298560,Fluorescein Only
326,5693,0.464963,Fluorescein Only
349,4386,0.375450,Fluorescein Only
152,2900,0.687976,Fluorescein Only
114,1909,0.566484,Fluorescein Only
269,4658,0.659720,Fluorescein Only
146,2766,0.639049,Fluorescein Only
125,2340,0.633044,Fluorescein Only
285,4543,0.539931,Fluorescein Only
163,2931,0.738897,Fluorescein Only
325,4526,0.452524,Fluorescein Only
309,4353,0.559557,Fluorescein Only
125,2033,0.633044,Fluorescein Only
404,915,0.904380,Fluorescein Only
52,580,0.853030,Fluorescein Only
114,1538,0.566484,Fluorescein Only
390912,631190,0.927260,Fluorescein Only
356919,572922,0.940080,Mix
125,468,0.633044,Mix
395,1570,0.177509,Mix
279,5130,0.161037,Mix
384,1439,0.126865,Mix
301,5980,0.573703,Mix
382,1542,0.139536,Mix
353,7270,0.203523,Mix
355,7162,0.245044,Mix
391,1542,0.236632,Mix
360,7386,0.235013,Mix
358,7477,0.277208,Mix
386,1456,0.218252,Mix
381,7911,0.246296,Mix
257,3218,0.618878,Mix
360,7557,0.264645,Mix
356,7374,0.253733,Mix
309,6597,0.537419,Mix
396,1391,0.267806,Mix
382,1592,0.197811,Mix
347,7096,0.152394,Mix
386,1416,0.145499,Mix
351,6651,0.284036,Mix
384,1583,0.144936,Mix
349,6890,0.182054,Mix
378,1265,0.251365,Mix
381,1307,0.114259,Mix
349,6016,0.161387,Mix
378,1492,0.140212,Mix
101,415,0.528681,Mix
234,4178,0.615023,Mix
378,6735,0.183117,Mix
378,1175,0.170423,Mix
341,5413,0.138074,Mix
381,1242,0.180228,Mix
343,4929,0.153317,Mix
380,5376,0.168830,Mix
344,4722,0.288381,Mix
242,2922,0.737772,Mix
101,1252,0.528681,Mix
358,7186,0.177094,Mix
390,7232,0.333414,Mix
360,7027,0.299711,Mix
361,7162,0.334637,Mix
399,1512,0.291481,Mix
398,1550,0.206666,Mix
388,1479,0.263691,Mix
396,1481,0.229846,Mix
396,1522,0.184278,Mix
393,1525,0.162008,Mix
401,1521,0.259421,Mix
397,1446,0.271786,Mix
382,1443,0.077039,Mix
392,1512,0.239239,Mix
375,7345,0.193803,Mix
397,1540,0.250724,Mix
362,7466,0.314188,Mix
257,518,0.637720,Mix
356,6563,0.247481,Mix
366,6602,0.136964,Mix
388,1458,0.204124,Mix
362,6690,0.282774,Mix
369,7366,0.231191,Mix
154,409,0.695547,Mix
377,6820,0.161054,Mix
392,1376,0.272478,Mix
379,1258,0.156858,Mix
269,3893,0.212670,Mix
397,7411,0.239004,Mix
386,1500,0.159760,Mix
81,189,0.000000,Mix
351,5508,0.101440,Mix
358,6997,0.282199,Mix
377,4729,0.165755,Mix
382,5803,0.077039,Mix
353,6024,0.212217,Mix
341,3780,0.197112,Mix
384,1226,0.192529,Mix
421,1165,0.821100,Mix
360,5061,0.249804,Mix
354,7282,0.302587,Mix
355,7070,0.224960,Mix
349,4104,0.205081,Mix
353,7230,0.282218,Mix
378,7643,0.147220,Mix
350,7011,0.325930,Mix
345,4552,0.016592,Mix
360,7124,0.299711,Mix
325,1191,0.658841,Mix
389,7918,0.183064,Mix
366,7423,0.167377,Mix
391,1480,0.237158,Mix
360,7298,0.225911,Mix
388,1433,0.196127,Mix
358,6961,0.213340,Mix
358,7325,0.194199,Mix
383,1130,0.162940,Mix
356,6534,0.207306,Mix
355,7304,0.150673,Mix
384,1322,0.125594,Mix
381,7020,0.170633,Mix
362,7320,0.275425,Mix
394,1547,0.216215,Mix
347,6174,0.129726,Mix
382,1366,0.077039,Mix
347,5615,0.188999,Mix
358,6786,0.252405,Mix
386,1430,0.145499,Mix
351,6150,0.151314,Mix
347,5392,0.148926,Mix
386,1449,0.145499,Mix
387,7822,0.183227,Mix
386,7662,0.223474,Mix
367,1227,0.258066,Mix
351,5258,0.149500,Mix
338,5737,0.287615,Mix
381,1194,0.126345,Mix
345,4989,0.205796,Mix
393,7922,0.238148,Mix
222,524,0.762707,Mix
371,5130,0.183747,Mix
382,5980,0.188157,Mix
351,6628,0.142025,Mix
309,6360,0.581466,Mix
18533,228051,0.257644,Mix
388,1541,0.196127,Mix
357,7136,0.157949,Mix
389,7703,0.265322,Mix
373,7457,0.137380,Mix
104,1207,0.883202,Mix
360,7015,0.249804,Mix
241,3042,0.718034,Mix
388,1465,0.070026,Mix
353,7113,0.045939,Mix
371,6621,0.182787,Mix
350,6980,0.154327,Mix
364,4338,0.153033,Mix
388,1388,0.178580,Mix
369,7377,0.055403,Mix
380,1262,0.128603,Mix
352,6246,0.178464,Mix
347,6303,0.161190,Mix
374,6014,0.169266,Mix
354,6865,0.191073,Mix
358,6866,0.213340,Mix
376,1192,0.104809,Mix
380,1312,0.197409,Mix
356,6742,0.180982,Mix
384,7407,0.000000,Mix
378,7499,0.147220,Mix
344,4297,0.309852,Mix
378,1229,0.147220,Mix
384,1414,0.202635,Mix
301,3753,0.584618,Mix
339,1355,0.586087,Mix
378,1205,0.142789,Mix
369,6176,0.233952,Mix
336,4620,0.378226,Mix
264,4103,0.182354,Mix
351,6615,0.134027,Mix
382,1201,0.178384,Mix
354,6979,0.228656,Mix
358,7074,0.213340,Mix
333,1306,0.613565,Mix
265,3124,0.697821,Mix
240,695,0.678924,Mix
364,7219,0.248430,Mix
387,1438,0.134316,Mix
398,1465,0.183215,Mix
355,7056,0.282384,Mix
380,1385,0.165262,Mix
388,1392,0.235742,Mix
363,7125,0.213947,Mix
378,1410,0.142789,Mix
386,1324,0.145499,Mix
349,5557,0.188386,Mix
352,6110,0.246042,Mix
319,6079,0.511007,Mix
386,1344,0.193355,Mix
374,7390,0.139831,Mix
343,5350,0.153317,Mix
373,6816,0.164279,Mix
373,1135,0.251815,Mix
380,1193,0.168830,Mix
112,279,0.377062,Mix
393,1481,0.143993,Mix
348,4350,0.242152,Mix
354,6629,0.273597,Mix
214,486,0.651250,Mix
347,4961,0.161190,Mix
343,5948,0.131474,Mix
376,1191,0.199028,Mix
381,1240,0.236508,Mix
386,1425,0.179026,Mix
378,1439,0.142789,Mix
358,7030,0.216793,Mix
351,7014,0.151314,Mix
389,1396,0.014459,Mix
364,6093,0.142640,Mix
387,1424,0.161178,Mix
349,6200,0.203015,Mix
384,1384,0.169318,Mix
382,1386,0.203444,Mix
323,3734,0.397937,Mix
163,369,0.674038,Mix
376,1394,0.199410,Mix
354,6994,0.220947,Mix
221,2982,0.726722,Mix
81,224,0.000000,Mix
343,5433,0.162440,Mix
377,6613,0.111854,Mix
354,6786,0.049948,Mix
356,6947,0.224947,Mix
374,1334,0.176562,Mix
167,404,0.623988,Mix
347,6226,0.162751,Mix
347,4724,0.224110,Mix
348,5975,0.135766,Mix
380,1277,0.342316,Mix
354,6927,0.049948,Mix
376,1182,0.284772,Mix
362,4443,0.249672,Mix
371,1107,0.149480,Mix
386,1262,0.179026,Mix
381,1439,0.133321,Mix
347,6442,0.130954,Mix
370,1324,0.216137,Mix
341,5800,0.070079,Mix
343,6208,0.132271,Mix
366,7242,0.273342,Mix
365,1145,0.140101,Mix
376,1182,0.027223,Mix
165,415,0.659919,Mix
384,1400,0.000000,Mix
164,504,0.756702,Mix
382,1323,0.102584,Mix
375,1182,0.103254,Mix
367,1334,0.257204,Mix
341,6329,0.213126,Mix
389,1357,0.223893,Mix
383,1372,0.222474,Mix
378,6999,0.144024,Mix
339,6028,0.162126,Mix
382,1333,0.153372,Mix
384,1359,0.125594,Mix
353,4208,0.252276,Mix
341,4906,0.000000,Mix
362,7122,0.226259,Mix
384,1354,0.202635,Mix
338,5418,0.512239,Mix
380,1306,0.244051,Mix
347,6401,0.152394,Mix
336,4243,0.283726,Mix
393,1325,0.225775,Mix
386,1287,0.155732,Mix
343,6786,0.153317,Mix
371,1160,0.182542,Mix
364,6354,0.251411,Mix
380,1308,0.195680,Mix
346,6863,0.078357,Mix
340,5086,0.063883,Mix
382,1291,0.139536,Mix
378,1493,0.183117,Mix
347,6337,0.236059,Mix
341,5500,0.201874,Mix
334,4444,0.207820,Mix
351,5834,0.151309,Mix
360,1380,0.249804,Mix
371,1214,0.161013,Mix
384,1375,0.119377,Mix
370,1095,0.115172,Mix
372,1184,0.126216,Mix
380,1289,0.157008,Mix
380,1352,0.128603,Mix
312,6238,0.566451,Mix
340,6268,0.156075,Mix
345,6698,0.073353,Mix
378,1364,0.144024,Mix
369,1384,0.206133,Mix
332,4568,0.199694,Mix
369,1319,0.202991,Mix
357,1237,0.308074,Mix
384,1346,0.000000,Mix
341,4988,0.000000,Mix
385,1408,0.260661,Mix
379,1342,0.187565,Mix
376,1372,0.247943,Mix
373,1167,0.109272,Mix
379,1415,0.148034,Mix
355,4579,0.203087,Mix
378,1381,0.142789,Mix
364,1369,0.281557,Mix
349,6548,0.182054,Mix
340,5873,0.061313,Mix
377,1352,0.196026,Mix
334,4713,0.287397,Mix
335,985,0.402893,Mix
372,1230,0.166536,Mix
376,7168,0.193452,Mix
328,6134,0.388995,Mix
339,6132,0.201997,Mix
343,4561,0.247108,Mix
364,1264,0.281557,Mix
357,6896,0.116071,Mix
367,6256,0.150162,Mix
345,5995,0.217417,Mix
342,4892,0.180748,Mix
384,1319,0.151621,Mix
335,4165,0.155378,Mix
339,5173,0.153183,Mix
379,1296,0.213617,Mix
347,6746,0.236059,Mix
369,1318,0.256685,Mix
378,1336,0.142789,Mix
364,1347,0.398972,Mix
339,6185,0.201604,Mix
334,4605,0.149421,Mix
362,6274,0.249672,Mix
333,6406,0.285837,Mix
381,1298,0.199700,Mix
337,5538,0.169679,Mix
348,6707,0.161893,Mix
364,5302,0.148411,Mix
350,6694,0.207612,Mix
388,1342,0.276825,Mix
345,6219,0.205796,Mix
358,4587,0.245840,Mix
373,1270,0.174720,Mix
345,6467,0.073353,Mix
354,6820,0.161178,Mix
379,1336,0.188807,Mix
376,1364,0.169096,Mix
380,1352,0.157008,Mix
341,4807,0.138074,Mix
319,5405,0.426873,Mix
367,1077,0.180414,Mix
369,1211,0.152487,Mix
267,4618,0.258234,Mix
381,1353,0.189319,Mix
237,623,0.682865,Mix
338,6209,0.211006,Mix
400,1388,0.250262,Mix
336,4377,0.049033,Mix
362,1239,0.197818,Mix
373,1327,0.230185,Mix
388,1331,0.257169,Mix
339,4789,0.147530,Mix
355,6746,0.203087,Mix
358,4462,0.213340,Mix
382,6980,0.139536,Mix
349,6690,0.192896,Mix
349,6926,0.190734,Mix
374,1195,0.139831,Mix
342,6099,0.197178,Mix
349,6314,0.069463,Mix
371,7168,0.181645,Mix
364,6766,0.281557,Mix
352,6625,0.246042,Mix
371,4840,0.149480,Mix
386,1375,0.179026,Mix
376,5700,0.193452,Mix
339,5727,0.070759,Mix
358,6878,0.213340,Mix
359,6521,0.155299,Mix
386,1284,0.242609,Mix
299,4311,0.571595,Mix
389,1365,0.291975,Mix
389,1385,0.244915,Mix
365,6769,0.176652,Mix
356,6880,0.171884,Mix
382,1336,0.153372,Mix
271,669,0.602141,Mix
349,6801,0.187788,Mix
373,1169,0.170115,Mix
374,1165,0.139831,Mix
384,1171,0.119377,Mix
377,1319,0.111854,Mix
382,1330,0.138043,Mix
269,3479,0.182048,Mix
371,936,0.772940,Mix
595,1390,0.906447,Mix
1647,3650,0.972110,Mix
788,1871,0.953587,Mix
301,881,0.646018,Mix
1010,2271,0.921253,Mix
446,1002,0.914693,Mix
378,1395,0.147220,Mix
341,5416,0.032219,Mix
361,898,0.920226,Mix
501,1102,0.778243,Mix
81,189,0.000000,Mix
81,196,0.000000,Mix
81,215,0.000000,Mix
240,585,0.728959,Mix
81,189,0.000000,Mix
378,1313,0.357230,Mix
374,1349,0.226416,Mix
366,1289,0.333585,Mix
373,1335,0.273157,Mix
380,1321,0.195680,Mix
345,6879,0.076808,Mix
372,1343,0.299622,Mix
380,7124,0.128603,Mix
343,6769,0.147677,Mix
347,6780,0.130954,Mix
330,1168,0.528151,Mix
376,7041,0.027223,Mix
382,1406,0.205995,Mix
349,6807,0.069463,Mix
385,1312,0.175438,Mix
376,7183,0.218513,Mix
379,6711,0.168105,Mix
384,1298,0.000000,Mix
380,6976,0.128603,Mix
377,1376,0.139524,Mix
325,6179,0.455962,Mix
375,1363,0.173805,Mix
382,1302,0.139536,Mix
343,6345,0.162440,Mix
373,1340,0.109272,Mix
343,5989,0.169272,Mix
364,1273,0.236413,Mix
370,1339,0.204301,Mix
353,5135,0.120561,Mix
369,1201,0.172373,Mix
179,2755,0.623856,Mix
339,5502,0.147530,Mix
371,1190,0.086631,Mix
341,4766,0.032219,Mix
339,4828,0.162126,Mix
332,994,0.548636,Mix
367,4655,0.186722,Mix
343,4470,0.163364,Mix
251,3793,0.221671,Mix
134,1699,0.642185,Mix
114,428,0.566484,Mix
114,424,0.566484,Mix
81,284,0.000000,Mix
114,404,0.566484,Mix
125,2373,0.633044,Mix
81,292,0.000000,Mix
103,371,0.477225,Mix
125,440,0.633044,Mix
92,1751,0.346889,Mix
103,1969,0.477225,Mix
125,418,0.633044,Mix
156,566,0.665070,Mix
81,1445,0.000000,Mix
114,2174,0.566484,Mix
125,456,0.633044,Mix
336807,541342,0.946834,Mix
131,320,0.566395,Mix
315707,505989,0.953465,Mix
164,646,0.723197,Mix
136,2545,0.684766,Mix
81,1386,0.000000,Mix
164,643,0.725550,Mix
81,1575,0.000000,Mix
125,2453,0.633044,Mix
125,2384,0.633044,Mix
136,568,0.684766,Mix
136,559,0.684766,Mix
114,2212,0.566484,Mix
125,2441,0.633044,Mix
92,392,0.346889,Mix
147,625,0.726026,Mix
114,2184,0.566484,Mix
136,2475,0.684766,Mix
103,428,0.477225,Mix
114,2161,0.566484,Mix
81,1512,0.000000,Mix
92,1710,0.346889,Mix
92,1638,0.346889,Mix
154,584,0.676703,Mix
81,1386,0.000000,Mix
395,1661,0.387971,Mix
125,2014,0.633044,Mix
363,7014,0.474795,Mix
128,1913,0.623017,Mix
140,508,0.649959,Mix
114,414,0.566484,Mix
340,6285,0.572156,Mix
375,1468,0.515456,Mix
249,4430,0.752507,Mix
152,474,0.687976,Mix
136,444,0.684766,Mix
370,7119,0.504976,Mix
92,1189,0.346889,Mix
410,1667,0.382643,Mix
408,1667,0.372118,Mix
367,7097,0.449538,Mix
370,7130,0.450541,Mix
397,1605,0.491206,Mix
384,1506,0.539337,Mix
261,1303,0.839269,Mix
136,386,0.684766,Mix
365,6802,0.556118,Mix
125,1311,0.633044,Mix
406,7660,0.213000,Mix
430,1782,0.220425,Mix
394,7628,0.141576,Mix
375,1526,0.563716,Mix
395,7347,0.190043,Mix
414,7776,0.245767,Mix
615,7741,0.874971,Mix
404,7281,0.169153,Mix
397,7291,0.232678,Mix
366,1501,0.593446,Mix
355,1411,0.565848,Mix
436,1685,0.189124,Mix
434,1634,0.133051,Mix
392,6108,0.244643,Mix
1286,12292,0.632304,Mix
398,5983,0.173393,Mix
372,6049,0.477878,Mix
422,6220,0.202694,Mix
422,1300,0.120784,Mix
393,5289,0.248674,Mix
423,1415,0.176480,Mix
386,4214,0.291625,Mix
342,4394,0.591388,Mix
148,1591,0.892196,Mix
415,5076,0.246540,Mix
423,1186,0.221095,Mix
403,1617,0.518632,Mix
373,7012,0.478185,Mix
379,1480,0.543004,Mix
389,1562,0.519259,Mix
357,6358,0.540472,Mix
393,7442,0.497846,Mix
374,1511,0.568175,Mix
367,7028,0.577848,Mix
380,6922,0.509594,Mix
343,6284,0.536584,Mix
378,1513,0.544670,Mix
349,6577,0.566663,Mix
347,6601,0.555103,Mix
375,1474,0.534127,Mix
392,6785,0.383891,Mix
81,213,0.000000,Mix
439,1725,0.218196,Mix
358,6787,0.489117,Mix
280,5065,0.529440,Mix
328,6125,0.538117,Mix
339,6299,0.564529,Mix
336,5924,0.602158,Mix
404,7232,0.295199,Mix
544,1886,0.797587,Mix
408,6227,0.216320,Mix
402,6706,0.221363,Mix
428,1266,0.179868,Mix
400,6006,0.249166,Mix
397,6584,0.238732,Mix
421,5413,0.118429,Mix
397,5360,0.232678,Mix
402,5848,0.247511,Mix
384,4033,0.000000,Mix
425,1266,0.155375,Mix
390,4942,0.139836,Mix
344,5625,0.574048,Mix
393,4559,0.248576,Mix
395,7405,0.395467,Mix
428,6024,0.230873,Mix
379,7113,0.519004,Mix
405,1551,0.477296,Mix
425,1529,0.156454,Mix
358,6623,0.572497,Mix
231,4132,0.748992,Mix
388,1600,0.529825,Mix
341,6251,0.571139,Mix
379,1508,0.535325,Mix
388,1569,0.536695,Mix
359,6839,0.530877,Mix
379,1505,0.511790,Mix
359,6888,0.494586,Mix
344,6542,0.571250,Mix
348,6506,0.548002,Mix
392,1502,0.477477,Mix
372,7075,0.541460,Mix
339,1405,0.545744,Mix
368,1481,0.560594,Mix
404,1508,0.331261,Mix
344,6551,0.549436,Mix
328,6193,0.537962,Mix
400,6230,0.229444,Mix
411,1582,0.342223,Mix
426,1610,0.286643,Mix
420,4793,0.194764,Mix
404,6158,0.121495,Mix
304,4662,0.080474,Mix
436,1696,0.087352,Mix
379,3921,0.460872,Mix
393,5289,0.248027,Mix
103,259,0.477225,Mix
414,1519,0.365506,Mix
435,1543,0.269725,Mix
405,1233,0.326901,Mix
415,5419,0.179983,Mix
206,2090,0.883572,Mix
387,4643,0.247825,Mix
385,7047,0.514954,Mix
359,6801,0.545590,Mix
390,5609,0.410244,Mix
409,6553,0.190877,Mix
381,7204,0.441901,Mix
402,7404,0.425010,Mix
330,6014,0.539376,Mix
361,6825,0.488632,Mix
349,6594,0.551292,Mix
383,1514,0.539694,Mix
335,6187,0.548866,Mix
414,5744,0.147058,Mix
380,1529,0.542707,Mix
347,6529,0.539914,Mix
430,1612,0.206224,Mix
349,6551,0.543010,Mix
356,6787,0.545067,Mix
362,6831,0.527510,Mix
374,1477,0.532151,Mix
368,6798,0.546656,Mix
388,6136,0.196127,Mix
660,7835,0.852762,Mix
357,6725,0.520131,Mix
371,1490,0.549912,Mix
357,6649,0.519943,Mix
434,1626,0.274408,Mix
425,1537,0.155375,Mix
409,7188,0.204518,Mix
439,1659,0.329100,Mix
375,6185,0.384899,Mix
423,4440,0.145153,Mix
410,6182,0.198618,Mix
386,5107,0.208123,Mix
416,1200,0.139005,Mix
426,1266,0.214781,Mix
715,1851,0.890481,Mix
394,4989,0.268624,Mix
421,6119,0.024619,Mix
395,6349,0.261827,Mix
398,7168,0.319638,Mix
357,6650,0.531090,Mix
415,1563,0.410453,Mix
213,3807,0.831552,Mix
426,1492,0.228967,Mix
410,1483,0.370188,Mix
374,7087,0.526745,Mix
381,1597,0.514023,Mix
352,6488,0.517423,Mix
327,6057,0.536433,Mix
395,1674,0.482153,Mix
343,6533,0.539086,Mix
395,1551,0.529425,Mix
395,1319,0.433442,Mix
359,6719,0.503742,Mix
387,1542,0.513132,Mix
308,5284,0.313598,Mix
389,1544,0.513061,Mix
365,6902,0.534878,Mix
378,1522,0.512289,Mix
371,1449,0.528041,Mix
294,4724,0.480914,Mix
387,1511,0.502267,Mix
397,6152,0.227487,Mix
401,6636,0.188654,Mix
342,6464,0.544020,Mix
426,1593,0.124736,Mix
382,6781,0.395446,Mix
424,6541,0.116768,Mix
406,4777,0.250413,Mix
385,6303,0.405112,Mix
384,4315,0.126865,Mix
436,1643,0.052938,Mix
331,893,0.667609,Mix
421,6298,0.220932,Mix
391,5138,0.237649,Mix
391,5626,0.237649,Mix
497,1742,0.794109,Mix
420,1608,0.359490,Mix
388,6200,0.190201,Mix
423,1309,0.166499,Mix
408,1598,0.455906,Mix
338,6162,0.526486,Mix
322,5878,0.497582,Mix
355,6621,0.547268,Mix
389,4787,0.181287,Mix
436,1559,0.183192,Mix
404,7258,0.174832,Mix
341,6383,0.446299,Mix
384,5383,0.126865,Mix
354,6556,0.543461,Mix
362,6300,0.532302,Mix
298,1240,0.267242,Mix
364,6804,0.487889,Mix
370,6403,0.390102,Mix
368,1461,0.478968,Mix
355,6654,0.523646,Mix
376,1479,0.521228,Mix
340,6301,0.535626,Mix
349,6199,0.545077,Mix
418,1253,0.166303,Mix
378,1492,0.487750,Mix
349,6570,0.529791,Mix
240,4196,0.553654,Mix
406,1412,0.387938,Mix
388,1399,0.555809,Mix
375,6540,0.458629,Mix
334,4593,0.420738,Mix
433,1594,0.280128,Mix
425,1492,0.199663,Mix
368,4302,0.375296,Mix
410,1423,0.407568,Mix
433,1598,0.259856,Mix
380,4242,0.165262,Mix
382,4932,0.077039,Mix
400,5812,0.169232,Mix
388,1496,0.487223,Mix
139,2428,0.882068,Mix
429,1471,0.258390,Mix
423,7187,0.289602,Mix
399,7163,0.189839,Mix
355,1413,0.486917,Mix
368,5908,0.384082,Mix
415,1520,0.409758,Mix
403,7327,0.064649,Mix
380,4813,0.128603,Mix
374,7090,0.489838,Mix
342,6448,0.547854,Mix
338,6320,0.544102,Mix
212,567,0.863256,Mix
376,6875,0.544869,Mix
400,1634,0.496711,Mix
416,1231,0.139005,Mix
336,1341,0.624498,Mix
364,1410,0.522869,Mix
370,5172,0.425124,Mix
351,5440,0.516229,Mix
385,1529,0.503132,Mix
359,1438,0.520485,Mix
393,6444,0.184454,Mix
329,6194,0.500043,Mix
332,6269,0.524038,Mix
378,6520,0.412597,Mix
351,6481,0.512058,Mix
221,934,0.418327,Mix
415,1173,0.078347,Mix
429,1635,0.228072,Mix
381,1229,0.518709,Mix
375,5772,0.344541,Mix
368,5984,0.418065,Mix
369,6449,0.475736,Mix
411,1179,0.150859,Mix
382,5732,0.188157,Mix
397,6256,0.213243,Mix
421,1647,0.024619,Mix
367,1448,0.504499,Mix
419,1301,0.156401,Mix
389,5679,0.211152,Mix
360,6665,0.478858,Mix
344,6348,0.548901,Mix
355,3934,0.404088,Mix
386,1510,0.418879,Mix
350,6560,0.484713,Mix
390,1561,0.477366,Mix
378,1495,0.451821,Mix
400,1253,0.365837,Mix
413,1348,0.212647,Mix
379,5939,0.356992,Mix
398,1428,0.388212,Mix
822,2850,0.355667,Mix
341,5611,0.449846,Mix
104,249,0.000000,Mix
412,1537,0.294031,Mix
383,1485,0.480124,Mix
318,6029,0.517025,Mix
381,4682,0.116755,Mix
413,1359,0.093373,Mix
425,1426,0.199663,Mix
254,1086,0.707336,Mix
367,1473,0.510958,Mix
359,1410,0.505480,Mix
399,1389,0.438322,Mix
420,1532,0.257219,Mix
324,6096,0.538183,Mix
233,4046,0.658680,Mix
375,4485,0.284986,Mix
422,1455,0.261298,Mix
397,6897,0.190324,Mix
372,4945,0.359438,Mix
359,5833,0.430201,Mix
422,1550,0.156980,Mix
369,4270,0.480466,Mix
369,5545,0.352049,Mix
393,1513,0.450006,Mix
418,1311,0.168584,Mix
392,6989,0.246115,Mix
402,1524,0.438556,Mix
318,5892,0.541258,Mix
384,4984,0.436334,Mix
412,6039,0.198587,Mix
359,6666,0.455280,Mix
401,1538,0.437835,Mix
326,6165,0.505408,Mix
345,6434,0.544914,Mix
412,1615,0.384765,Mix
64,1128,0.889190,Mix
415,1438,0.045261,Mix
426,1618,0.265000,Mix
424,1524,0.166296,Mix
341,3806,0.421973,Mix
396,1311,0.316799,Mix
391,5973,0.139482,Mix
376,4709,0.176617,Mix
324,5620,0.551123,Mix
379,1491,0.509367,Mix
355,6338,0.521459,Mix
398,7154,0.147297,Mix
398,1521,0.417393,Mix
367,1442,0.519936,Mix
326,6230,0.491023,Mix
417,1273,0.013449,Mix
388,5878,0.259052,Mix
405,6903,0.135216,Mix
125,515,0.563265,Mix
406,1346,0.352403,Mix
347,4755,0.468062,Mix
421,1396,0.178920,Mix
421,1575,0.024619,Mix
341,1029,0.600060,Mix
378,1170,0.531093,Mix
329,4355,0.512549,Mix
388,5691,0.211562,Mix
413,7218,0.133748,Mix
640,7999,0.848714,Mix
379,1535,0.514749,Mix
330,1290,0.608600,Mix
371,6605,0.541676,Mix
360,4150,0.305330,Mix
406,1606,0.404294,Mix
416,1550,0.293448,Mix
364,6701,0.439608,Mix
397,7228,0.269712,Mix
399,7230,0.197818,Mix
412,1321,0.358552,Mix
388,1461,0.460324,Mix
364,1392,0.519794,Mix
354,4558,0.451698,Mix
416,5981,0.139005,Mix
421,1625,0.202308,Mix
368,6544,0.395132,Mix
405,1458,0.414275,Mix
2010,17523,0.843012,Mix
229,617,0.832407,Mix
381,5301,0.210233,Mix
394,1267,0.425089,Mix
351,6481,0.539756,Mix
395,1445,0.490982,Mix
392,1199,0.389273,Mix
386,6462,0.159760,Mix
872,7637,0.671172,Mix
371,1394,0.525169,Mix
130,585,0.363184,Mix
379,4560,0.085953,Mix
411,1329,0.216171,Mix
396,7083,0.317109,Mix
423,6892,0.180026,Mix
354,5778,0.531075,Mix
380,4365,0.168830,Mix
373,5009,0.492712,Mix
771,2396,0.938089,Mix
448,1032,0.721714,Mix
338,5812,0.563448,Mix
437,1585,0.230620,Mix
365,6049,0.541653,Mix
388,4896,0.171972,Mix
594,1761,0.844286,Mix
397,7151,0.449451,Mix
434,1565,0.203240,Mix
402,7135,0.273027,Mix
414,1142,0.040223,Mix
402,6821,0.151970,Mix
436,1505,0.210882,Mix
423,1633,0.135356,Mix
367,6610,0.467432,Mix
375,5224,0.409523,Mix
365,5697,0.515337,Mix
432,6873,0.271738,Mix
394,6851,0.135526,Mix
398,5053,0.362224,Mix
469,5717,0.812861,Mix
399,1182,0.424240,Mix
429,1342,0.280090,Mix
116,238,0.578304,Mix
398,6300,0.208739,Mix
401,6517,0.160583,Mix
162,401,0.680018,Mix
404,4825,0.170786,Mix
104,501,0.000000,Mix
369,846,0.698889,Mix
252,606,0.631027,Mix
317,733,0.893801,Mix
81,196,0.000000,Mix
336,6230,0.557997,Mix
251,2687,0.500007,Mix
398,7275,0.387950,Mix
364,6577,0.501306,Mix
358,6561,0.463155,Mix
323,5970,0.543530,Mix
382,1484,0.534800,Mix
371,1487,0.572325,Mix
359,6224,0.498832,Mix
285,5215,0.673402,Mix
169,402,0.596178,Mix
421,7214,0.247986,Mix
428,1618,0.169485,Mix
419,7104,0.133685,Mix
395,6951,0.432560,Mix
425,1671,0.185066,Mix
92,167,0.346889,Mix
435,1561,0.211230,Mix
384,6566,0.483063,Mix
330,1250,0.554150,Mix
396,7155,0.216696,Mix
370,6735,0.400196,Mix
299,1131,0.543816,Mix
426,6532,0.236602,Mix
407,6769,0.253457,Mix
388,6527,0.061341,Mix
423,1396,0.135356,Mix
405,5898,0.134521,Mix
419,1448,0.188230,Mix
409,1373,0.327900,Mix
388,5516,0.162151,Mix
372,5590,0.369604,Mix
383,6343,0.222745,Mix
407,5389,0.157468,Mix
389,5714,0.216740,Mix
394,1169,0.366393,Mix
370,5095,0.293319,Mix
234,605,0.801528,Mix
388,4968,0.202649,Mix
393,1133,0.278146,Mix
417,1214,0.345477,Mix
363,4461,0.348729,Mix
181,748,0.740345,Mix
154,2927,0.676703,Mix
190,761,0.711673,Mix
110,2218,0.439211,Mix
125,2413,0.633044,Mix
173,3297,0.703726,Mix
178,720,0.746948,Mix
166,3189,0.714991,Mix
136,2662,0.684766,Mix
136,2670,0.684766,Mix
181,691,0.732967,Mix
187,674,0.699290,Mix
156,604,0.665070,Mix
168,632,0.706588,Mix
154,2914,0.676703,Mix
114,2179,0.566484,Mix
185,741,0.711090,Mix
149,2590,0.722019,Mix
185,3325,0.711090,Mix
168,634,0.706588,Mix
166,2986,0.714991,Mix
150,2667,0.702083,Mix
92,1628,0.346889,Mix
172,673,0.688176,Mix
140,2507,0.646205,Mix
180,557,0.733907,Mix
185,584,0.709432,Mix
166,586,0.714991,Mix
144,2495,0.613713,Mix
170,556,0.691151,Mix
182,547,0.722111,Mix
167,553,0.713710,Mix
166,2495,0.714991,Mix
176,2677,0.753048,Mix
136,2064,0.700062,Mix
167,489,0.712809,Mix
138,1951,0.665567,Mix
125,1758,0.633044,Mix
154,451,0.676703,Mix
125,1733,0.633044,Mix
178,525,0.746948,Mix
136,1778,0.684766,Mix
101,284,0.263435,Mix
103,1265,0.477225,Mix
378788,605256,0.932247,Mix
279349,450040,0.963828,Mix
152,558,0.687976,Mix
110,423,0.319636,Mix
125,2322,0.633044,Mix
125,467,0.633044,Mix
114,395,0.566484,Mix
103,1972,0.477225,Mix
114,454,0.566484,Mix
125,2435,0.633044,Mix
125,525,0.633044,Mix
265,5244,0.643079,Mix
114,473,0.566484,Mix
125,472,0.633044,Mix
288,1119,0.679644,Mix
125,503,0.633044,Mix
114,463,0.566484,Mix
81,1365,0.000000,Mix
412,1610,0.246244,Mix
384,7199,0.258923,Mix
380,7003,0.230352,Mix
394,7233,0.142549,Mix
405,7117,0.255967,Mix
405,7312,0.290377,Mix
395,1398,0.291993,Mix
381,7255,0.245889,Mix
412,1620,0.280457,Mix
379,7199,0.284837,Mix
255,578,0.649078,Mix
403,7901,0.235724,Mix
407,7731,0.335312,Mix
411,7903,0.179972,Mix
415,1677,0.235216,Mix
396,7664,0.246957,Mix
399,7753,0.236966,Mix
376,6919,0.027500,Mix
405,1562,0.254151,Mix
407,1533,0.070923,Mix
378,6799,0.142789,Mix
384,7013,0.258923,Mix
395,7464,0.301253,Mix
393,1343,0.342297,Mix
393,1345,0.315635,Mix
378,1306,0.312601,Mix
394,1402,0.142549,Mix
380,6640,0.165262,Mix
397,1295,0.463267,Mix
269,3684,0.225063,Mix
407,1450,0.179181,Mix
407,1469,0.087360,Mix
359,4684,0.381027,Mix
366,4936,0.388438,Mix
404,1542,0.243241,Mix
367,4501,0.313302,Mix
294,822,0.689409,Mix
360,4139,0.249804,Mix
377,1087,0.146194,Mix
385,6794,0.259718,Mix
400,1571,0.290185,Mix
419,1615,0.135076,Mix
384,1346,0.448769,Mix
413,1454,0.000000,Mix
321,1140,0.674969,Mix
385,7145,0.329468,Mix
383,7051,0.270390,Mix
412,1657,0.309019,Mix
624,1531,0.933002,Mix
379,7157,0.351406,Mix
414,1611,0.241237,Mix
412,1482,0.202227,Mix
382,7285,0.160551,Mix
382,7264,0.242499,Mix
108,256,0.342340,Mix
414,1561,0.208092,Mix
414,1618,0.124972,Mix
383,7273,0.177115,Mix
303,5337,0.618436,Mix
378,6728,0.142789,Mix
388,6988,0.257169,Mix
381,6896,0.179628,Mix
410,1586,0.198212,Mix
66500,630807,0.837882,Mix
416,1577,0.187865,Mix
377,3955,0.357019,Mix
417,1485,0.252750,Mix
361,6431,0.348542,Mix
382,6502,0.261306,Mix
418,1555,0.272395,Mix
407,1516,0.230607,Mix
377,6862,0.182074,Mix
390,7183,0.340729,Mix
376,6653,0.246999,Mix
393,1565,0.290939,Mix
358,6680,0.368697,Mix
414,1679,0.162161,Mix
382,7163,0.206716,Mix
375,7037,0.219646,Mix
413,1660,0.133748,Mix
409,1633,0.234470,Mix
412,1618,0.153594,Mix
413,1628,0.211854,Mix
384,6762,0.000000,Mix
380,6986,0.195667,Mix
382,7309,0.139536,Mix
407,1592,0.190156,Mix
373,6836,0.229982,Mix
405,1590,0.287319,Mix
412,1623,0.207500,Mix
76,1312,0.914944,Mix
396,1550,0.183263,Mix
410,1522,0.153722,Mix
416,1509,0.252847,Mix
414,1446,0.225323,Mix
378,6733,0.273080,Mix
380,6529,0.192424,Mix
409,1559,0.235715,Mix
389,1509,0.304355,Mix
407,1636,0.215238,Mix
371,6856,0.212128,Mix
395,1369,0.215250,Mix
377,6989,0.217052,Mix
408,1537,0.072673,Mix
378,7143,0.121288,Mix
412,1651,0.256520,Mix
373,7136,0.164704,Mix
409,1666,0.210758,Mix
377,7106,0.172282,Mix
378,7114,0.142789,Mix
378,7002,0.219992,Mix
406,1555,0.116186,Mix
378,7164,0.234162,Mix
379,6824,0.193817,Mix
388,7192,0.196127,Mix
378,6882,0.174049,Mix
377,6999,0.164203,Mix
375,6686,0.285988,Mix
374,6368,0.139831,Mix
404,7418,0.253941,Mix
408,1495,0.263853,Mix
408,1450,0.263529,Mix
410,1599,0.185014,Mix
379,7056,0.205652,Mix
378,6954,0.142789,Mix
409,1543,0.138789,Mix
406,1610,0.237831,Mix
361,6681,0.408627,Mix
411,1624,0.228760,Mix
368,7065,0.243600,Mix
380,7187,0.165262,Mix
378,7156,0.142789,Mix
410,1652,0.169131,Mix
106,217,0.495290,Mix
375,6558,0.169802,Mix
405,1612,0.137929,Mix
375,7050,0.172981,Mix
389,7431,0.263596,Mix
372,6931,0.254299,Mix
376,6689,0.027500,Mix
388,7062,0.203262,Mix
409,1605,0.151177,Mix
409,1403,0.282955,Mix
407,1467,0.262056,Mix
376,6810,0.198491,Mix
402,7103,0.268122,Mix
404,6712,0.114156,Mix
409,1603,0.135322,Mix
377,6944,0.259858,Mix
396,7320,0.191830,Mix
377,6885,0.291700,Mix
392,7347,0.181614,Mix
411,1699,0.154730,Mix
376,7016,0.186288,Mix
404,1575,0.216267,Mix
402,1501,0.287804,Mix
390,7400,0.228132,Mix
376,7113,0.169511,Mix
409,1529,0.124194,Mix
371,6578,0.182542,Mix
407,1605,0.193206,Mix
378,7148,0.140212,Mix
379,7013,0.128927,Mix
288,4894,0.262094,Mix
384,7080,0.202635,Mix
376,6798,0.027223,Mix
92,222,0.346889,Mix
81,197,0.000000,Mix
301,1070,0.712894,Mix
377,6713,0.238264,Mix
406,1431,0.257648,Mix
152,610,0.272418,Mix
406,1438,0.196394,Mix
406,1438,0.241465,Mix
369,6826,0.231191,Mix
401,1495,0.168315,Mix
374,6757,0.139831,Mix
378,7008,0.147220,Mix
375,7022,0.103254,Mix
405,1480,0.286632,Mix
403,1512,0.149738,Mix
394,6900,0.129645,Mix
398,7370,0.252325,Mix
405,1655,0.150402,Mix
388,7368,0.014839,Mix
364,6896,0.281557,Mix
367,6933,0.180538,Mix
403,1513,0.175433,Mix
400,7162,0.194005,Mix
403,1563,0.229806,Mix
370,6997,0.143197,Mix
406,1546,0.165452,Mix
396,7262,0.191830,Mix
409,1432,0.124194,Mix
400,1401,0.249166,Mix
407,1498,0.288878,Mix
403,1455,0.214664,Mix
386,6800,0.343598,Mix
375,6893,0.216069,Mix
407,1560,0.236673,Mix
376,6716,0.220678,Mix
371,6887,0.214085,Mix
398,1544,0.227035,Mix
378,7093,0.234553,Mix
375,6890,0.252839,Mix
387,6688,0.300279,Mix
402,1556,0.218905,Mix
404,1542,0.303244,Mix
405,1601,0.137929,Mix
399,1613,0.167718,Mix
366,6877,0.272545,Mix
410,1623,0.167946,Mix
369,6354,0.204740,Mix
367,6351,0.217372,Mix
367,6724,0.257325,Mix
394,7474,0.277036,Mix
371,6996,0.149480,Mix
403,7183,0.151151,Mix
238,4280,0.782249,Mix
407,1449,0.181437,Mix
390,1323,0.226626,Mix
360,6656,0.294201,Mix
398,1518,0.147297,Mix
398,1584,0.233303,Mix
388,1489,0.255895,Mix
373,6917,0.229128,Mix
398,1489,0.208739,Mix
394,1583,0.203143,Mix
398,1580,0.269067,Mix
400,1554,0.215287,Mix
386,1472,0.304982,Mix
402,1555,0.205671,Mix
401,1583,0.142886,Mix
400,7575,0.078374,Mix
400,1618,0.263581,Mix
367,6806,0.165833,Mix
364,6284,0.265943,Mix
367,6350,0.207427,Mix
364,6486,0.281557,Mix
384,6936,0.192529,Mix
362,6769,0.226259,Mix
406,1615,0.098266,Mix
357,6289,0.203376,Mix
171,2749,0.776543,Mix
153,2675,0.572434,Mix
401,1429,0.213492,Mix
401,1405,0.298425,Mix
390,6930,0.255146,Mix
138,2444,0.369624,Mix
376,1399,0.343382,Mix
393,6500,0.181205,Mix
406,1531,0.211354,Mix
342,6285,0.335940,Mix
384,7019,0.202635,Mix
366,6105,0.158036,Mix
383,6902,0.191961,Mix
370,6776,0.085116,Mix
407,1597,0.065769,Mix
389,7209,0.223893,Mix
376,6902,0.232997,Mix
373,6694,0.174720,Mix
395,6471,0.276384,Mix
397,1459,0.307575,Mix
398,1548,0.271365,Mix
368,6482,0.258464,Mix
374,6627,0.142492,Mix
364,6559,0.250325,Mix
366,6779,0.296042,Mix
362,6550,0.226259,Mix
332,6059,0.381299,Mix
366,6298,0.268363,Mix
134,572,0.340765,Mix
396,1394,0.252467,Mix
206,3345,0.741166,Mix
402,1394,0.284567,Mix
103,230,0.828510,Mix
374,6790,0.139831,Mix
408,1406,0.220712,Mix
396,1365,0.411677,Mix
410,1533,0.228498,Mix
408,1517,0.190486,Mix
405,1501,0.231232,Mix
369,6668,0.266846,Mix
511,1144,0.861954,Mix
197,452,0.728799,Mix
403,1406,0.313187,Mix
404,1523,0.230005,Mix
407,1545,0.075226,Mix
376,6680,0.193452,Mix
403,1555,0.175433,Mix
408,1563,0.204375,Mix
411,1583,0.173545,Mix
401,1540,0.229092,Mix
1252,23168,0.119907,Mix
378,6460,0.236862,Mix
372,6419,0.262901,Mix
286,4811,0.147482,Mix
294,4947,0.262373,Mix
405,1410,0.194190,Mix
366,6050,0.275616,Mix
404,1447,0.251057,Mix
384,6522,0.000000,Mix
351,3840,0.149500,Mix
366,5575,0.291233,Mix
366,5782,0.278530,Mix
390,1110,0.247037,Mix
397,1369,0.276467,Mix
386,1110,0.208123,Mix
400,1246,0.294853,Mix
362,5318,0.228808,Mix
402,1394,0.461249,Mix
362,4359,0.254238,Mix
370,4869,0.293021,Mix
369,5025,0.231191,Mix
394,1297,0.306249,Mix
397,1433,0.289976,Mix
396,1401,0.281310,Mix
400,1482,0.194005,Mix
373,6786,0.161315,Mix
402,1438,0.247511,Mix
379,6993,0.121505,Mix
392,7225,0.174529,Mix
401,1450,0.239153,Mix
382,7066,0.225717,Mix
373,6673,0.120301,Mix
370,6710,0.085116,Mix
398,7337,0.271645,Mix
364,6708,0.265943,Mix
391,6744,0.106680,Mix
404,1528,0.230005,Mix
384,7073,0.126865,Mix
367,6817,0.106329,Mix
364,6756,0.302932,Mix
392,1457,0.175924,Mix
358,6290,0.215353,Mix
332,1322,0.313132,Mix
396,1427,0.293628,Mix
389,6674,0.249442,Mix
382,5894,0.144214,Mix
393,1359,0.285000,Mix
368,6077,0.260225,Mix
364,5894,0.302932,Mix
372,5706,0.387199,Mix
375,6049,0.400032,Mix
266,760,0.764427,Mix
384,1104,0.256245,Mix
384,1109,0.263917,Mix
356,5430,0.300567,Mix
380,1139,0.196849,Mix
383,1182,0.221718,Mix
358,4751,0.321843,Mix
340,4744,0.405204,Mix
354,5280,0.445488,Mix
191,483,0.584936,Mix
166,583,0.197108,Mix
187,3591,0.699290,Mix
150,537,0.702083,Mix
138,2703,0.665567,Mix
130,456,0.589315,Mix
164,585,0.723197,Mix
114,433,0.566484,Mix
166,628,0.714991,Mix
166,675,0.714991,Mix
125,471,0.633044,Mix
125,464,0.633044,Mix
114,447,0.566484,Mix
168,687,0.706588,Mix
114,2199,0.566484,Mix
125,2378,0.633044,Mix
154,620,0.676703,Mix
103,1993,0.477225,Mix
147,582,0.726026,Mix
136,2581,0.684766,Mix
154,576,0.676703,Mix
136,2511,0.700062,Mix
125,2410,0.633044,Mix
142,504,0.630310,Mix
166,614,0.714991,Mix
125,2249,0.633044,Mix
168,598,0.706588,Mix
136,2384,0.684766,Mix
156,553,0.665070,Mix
114,412,0.566484,Mix
103,348,0.477225,Mix
92,305,0.346889,Mix
415446,663907,0.917848,Mix
